date,U.S.,Boston,Chicago,Cleveland,Denver,Houston,Los Angeles,Miami,New York City,San Francisco,Seattle
2014-01-06,3.33,3.49,3.47,3.34,3.14,3.12,3.72,3.54,3.54,3.67,3.43
2014-01-13,3.33,3.46,3.46,3.4,3.15,3.1,3.67,3.51,3.5,3.66,3.41
2014-01-20,3.3,3.42,3.45,3.3,3.15,3.08,3.63,3.51,3.44,3.63,3.39
2014-01-27,3.3,3.38,3.45,3.32,3.15,3.07,3.62,3.5,3.43,3.62,3.37
2014-02-03,3.29,3.36,3.42,3.32,3.14,3.06,3.63,3.49,3.42,3.63,3.36
2014-02-10,3.31,3.36,3.52,3.42,3.17,3.07,3.72,3.48,3.42,3.63,3.35
2014-02-17,3.38,3.39,3.58,3.44,3.33,3.12,3.79,3.53,3.51,3.7,3.38
2014-02-24,3.44,3.46,3.66,3.55,3.45,3.13,3.89,3.55,3.54,3.78,3.41
2014-03-03,3.48,3.48,3.81,3.6,3.53,3.15,3.95,3.56,3.56,3.86,3.47
2014-03-10,3.51,3.5,3.82,3.61,3.59,3.2,3.98,3.59,3.61,3.92,3.57
2014-03-17,3.55,3.52,3.87,3.7,3.59,3.32,4.05,3.64,3.61,3.97,3.64
2014-03-24,3.55,3.51,3.83,3.55,3.59,3.35,4.06,3.69,3.6,3.98,3.66
2014-03-31,3.58,3.52,3.89,3.58,3.58,3.36,4.06,3.76,3.58,4,3.71
2014-04-07,3.6,3.52,3.94,3.64,3.56,3.39,4.11,3.81,3.59,4.04,3.75
2014-04-14,3.65,3.56,4.07,3.7,3.53,3.44,4.28,3.87,3.6,4.14,3.79
2014-04-21,3.68,3.6,4.02,3.72,3.51,3.45,4.31,3.86,3.68,4.18,3.86
2014-04-28,3.71,3.68,4.03,3.77,3.49,3.47,4.33,3.83,3.78,4.27,3.89
2014-05-05,3.68,3.67,3.97,3.66,3.48,3.45,4.29,3.8,3.75,4.26,3.9
2014-05-12,3.67,3.66,3.87,3.71,3.45,3.44,4.22,3.78,3.73,4.19,3.9
2014-05-19,3.66,3.65,3.88,3.71,3.43,3.42,4.2,3.76,3.71,4.2,3.9
2014-05-26,3.67,3.65,3.92,3.84,3.43,3.42,4.18,3.74,3.72,4.18,3.91
2014-06-02,3.69,3.64,4.06,3.94,3.44,3.41,4.18,3.73,3.72,4.17,3.94
2014-06-09,3.67,3.64,4.02,3.82,3.44,3.4,4.15,3.71,3.73,4.16,3.94
2014-06-16,3.69,3.67,4.09,3.87,3.47,3.42,4.15,3.7,3.74,4.15,3.96
2014-06-23,3.7,3.69,4,3.71,3.55,3.46,4.15,3.73,3.78,4.13,4
2014-06-30,3.7,3.69,3.95,3.6,3.59,3.46,4.19,3.72,3.8,4.16,4.02
2014-07-07,3.68,3.7,3.87,3.54,3.59,3.44,4.19,3.71,3.79,4.16,4.02
2014-07-14,3.63,3.68,3.77,3.43,3.59,3.42,4.12,3.66,3.74,4.11,3.99
2014-07-21,3.59,3.64,3.69,3.51,3.58,3.36,4.04,3.64,3.7,4.06,3.96
2014-07-28,3.54,3.62,3.6,3.37,3.58,3.34,4,3.57,3.64,4.02,3.94
2014-08-04,3.52,3.56,3.64,3.46,3.59,3.31,3.93,3.55,3.6,4,3.93
2014-08-11,3.5,3.53,3.61,3.53,3.62,3.26,3.91,3.53,3.56,3.96,3.91
2014-08-18,3.47,3.5,3.68,3.39,3.63,3.26,3.88,3.52,3.51,3.94,3.91
2014-08-25,3.45,3.46,3.59,3.41,3.63,3.25,3.85,3.52,3.48,3.92,3.89
2014-09-01,3.46,3.47,3.68,3.55,3.61,3.23,3.81,3.52,3.47,3.91,3.88
2014-09-08,3.46,3.47,3.75,3.45,3.6,3.21,3.79,3.51,3.48,3.86,3.87
2014-09-15,3.41,3.46,3.67,3.33,3.57,3.16,3.77,3.47,3.44,3.83,3.84
2014-09-22,3.35,3.43,3.57,3.23,3.52,3.11,3.71,3.43,3.38,3.8,3.77
2014-09-29,3.35,3.4,3.58,3.29,3.46,3.12,3.69,3.42,3.36,3.76,3.73
2014-10-06,3.3,3.35,3.5,3.19,3.4,3.06,3.69,3.41,3.35,3.72,3.65
2014-10-13,3.21,3.3,3.41,3.1,3.28,2.99,3.62,3.3,3.28,3.64,3.55
2014-10-20,3.12,3.2,3.27,3.08,3.16,2.94,3.52,3.22,3.2,3.54,3.4
2014-10-27,3.06,3.12,3.22,2.97,3.09,2.87,3.41,3.15,3.11,3.44,3.25
2014-11-03,2.99,3.04,3.12,2.96,3.03,2.81,3.32,3.1,3.07,3.37,3.15
2014-11-10,2.94,2.98,3.1,2.86,2.99,2.72,3.23,3.06,3.02,3.28,3.11
2014-11-17,2.89,2.94,3.09,2.87,2.94,2.69,3.19,3.02,3,3.2,3.1
2014-11-24,2.82,2.88,2.98,2.77,2.87,2.64,3.1,2.96,2.94,3.14,3.09
2014-12-01,2.78,2.87,2.93,2.78,2.79,2.52,3.08,2.92,2.91,3.12,3.07
2014-12-08,2.68,2.78,2.79,2.62,2.69,2.46,3.01,2.85,2.83,3.03,3
2014-12-15,2.55,2.69,2.65,2.43,2.51,2.35,2.93,2.75,2.72,2.93,2.88
2014-12-22,2.4,2.57,2.47,2.24,2.34,2.23,2.77,2.64,2.62,2.82,2.75
2014-12-29,2.3,2.49,2.31,2.07,2.19,2.13,2.71,2.54,2.54,2.75,2.65
2015-01-05,2.21,2.39,2.17,1.93,2.06,2,2.73,2.45,2.43,2.74,2.55
2015-01-12,2.14,2.3,2.13,1.97,1.93,1.89,2.63,2.36,2.31,2.64,2.46
2015-01-19,2.07,2.15,2.1,1.98,1.86,1.83,2.49,2.32,2.19,2.58,2.36
2015-01-26,2.04,2.1,2.11,1.94,1.86,1.8,2.46,2.28,2.12,2.54,2.27
2015-02-02,2.07,2.09,2.26,2.05,1.86,1.82,2.46,2.29,2.12,2.53,2.23
2015-02-09,2.19,2.13,2.38,2.25,2,1.94,2.68,2.39,2.21,2.68,2.32
2015-02-16,2.27,2.19,2.46,2.27,2.06,2,2.87,2.44,2.26,2.78,2.42
2015-02-23,2.33,2.24,2.42,2.33,2.15,2.04,3.08,2.5,2.31,2.9,2.52
2015-03-02,2.47,2.35,2.53,2.42,2.18,2.13,3.53,2.59,2.39,3.41,2.87
2015-03-09,2.49,2.41,2.47,2.31,2.21,2.16,3.52,2.6,2.45,3.44,2.99
2015-03-16,2.45,2.39,2.4,2.23,2.2,2.19,3.43,2.6,2.43,3.36,2.94
2015-03-23,2.46,2.33,2.82,2.37,2.19,2.17,3.31,2.6,2.38,3.28,2.86
2015-03-30,2.45,2.3,2.85,2.38,2.2,2.2,3.25,2.63,2.36,3.23,2.8
2015-04-06,2.41,2.29,2.71,2.25,2.19,2.19,3.19,2.62,2.35,3.18,2.78
2015-04-13,2.41,2.28,2.62,2.33,2.23,2.18,3.15,2.61,2.36,3.15,2.76
2015-04-20,2.48,2.44,2.69,2.4,2.31,2.22,3.22,2.69,2.49,3.2,2.78
2015-04-27,2.57,2.52,2.78,2.5,2.37,2.24,3.56,2.74,2.57,3.44,2.87
2015-05-04,2.66,2.59,2.88,2.44,2.45,2.34,3.81,2.74,2.64,3.73,3
2015-05-11,2.69,2.61,2.81,2.48,2.53,2.36,3.86,2.76,2.68,3.7,3.06
2015-05-18,2.74,2.62,2.9,2.61,2.56,2.4,3.99,2.8,2.68,3.72,3.07
2015-05-25,2.77,2.67,3.05,2.71,2.57,2.39,3.92,2.83,2.71,3.69,3.08
2015-06-01,2.78,2.67,3.18,2.81,2.58,2.4,3.85,2.82,2.71,3.63,3.08
2015-06-08,2.78,2.69,3.09,2.71,2.6,2.48,3.72,2.84,2.72,3.57,3.07
2015-06-15,2.84,2.74,3.21,2.85,2.62,2.51,3.62,2.89,2.79,3.52,3.1
2015-06-22,2.81,2.76,3.11,2.74,2.64,2.48,3.58,2.89,2.75,3.49,3.17
2015-06-29,2.8,2.75,3.01,2.8,2.63,2.47,3.56,2.88,2.8,3.47,3.2
2015-07-06,2.79,2.74,3.09,2.68,2.65,2.49,3.53,2.88,2.8,3.47,3.18
2015-07-13,2.83,2.73,3.07,2.76,2.69,2.49,4.3,2.88,2.79,3.55,3.19
2015-07-20,2.8,2.7,2.94,2.58,2.75,2.47,4.27,2.85,2.74,3.56,3.18
2015-07-27,2.74,2.67,2.81,2.35,2.78,2.44,4.14,2.82,2.7,3.55,3.18
2015-08-03,2.69,2.61,2.68,2.29,2.78,2.42,3.99,2.75,2.65,3.51,3.17
2015-08-10,2.63,2.56,2.68,2.39,2.76,2.37,3.76,2.72,2.61,3.42,3.12
2015-08-17,2.72,2.52,3.37,2.83,2.86,2.35,3.82,2.68,2.56,3.43,3.08
2015-08-24,2.64,2.45,3.24,2.58,2.83,2.29,3.7,2.6,2.5,3.33,3.04
2015-08-31,2.51,2.35,2.94,2.31,2.77,2.21,3.55,2.56,2.4,3.24,2.96
2015-09-07,2.44,2.32,2.77,2.12,2.69,2.16,3.45,2.52,2.35,3.18,2.89
2015-09-14,2.38,2.29,2.63,2.18,2.61,2.11,3.3,2.49,2.29,3.08,2.8
2015-09-21,2.33,2.25,2.62,2.26,2.52,2.03,3.21,2.42,2.24,3,2.71
2015-09-28,2.32,2.22,2.68,2.34,2.43,1.98,3.11,2.42,2.2,2.98,2.64
2015-10-05,2.32,2.18,2.63,2.37,2.37,1.94,3.07,2.41,2.15,2.94,2.59
2015-10-12,2.34,2.16,2.71,2.48,2.31,1.98,3.03,2.41,2.16,2.91,2.55
2015-10-19,2.28,2.12,2.57,2.3,2.25,1.95,2.95,2.38,2.16,2.88,2.51
2015-10-26,2.23,2.11,2.43,2.16,2.18,1.9,2.92,2.34,2.12,2.86,2.46
2015-11-02,2.22,2.1,2.41,2.31,2.09,1.86,2.91,2.35,2.1,2.82,2.42
2015-11-09,2.23,2.11,2.35,2.24,2.03,1.9,2.92,2.39,2.16,2.83,2.51
2015-11-16,2.18,2.1,2.22,2.04,1.97,1.88,2.86,2.35,2.15,2.81,2.52
2015-11-23,2.09,2.09,2.03,1.9,1.92,1.83,2.79,2.34,2.12,2.75,2.48
2015-11-30,2.06,2.1,2,1.84,1.88,1.79,2.76,2.32,2.12,2.73,2.47
2015-12-07,2.05,2.08,2.01,1.92,1.85,1.75,2.77,2.33,2.11,2.69,2.45
2015-12-14,2.04,2.04,2.12,1.93,1.83,1.75,2.75,2.32,2.07,2.67,2.44
2015-12-21,2.03,2.04,2.06,1.85,1.87,1.72,2.88,2.31,2.05,2.72,2.45
2015-12-28,2.03,2.01,2.09,1.93,1.85,1.71,3.05,2.25,2.03,2.74,2.49
2016-01-04,2.03,1.99,2.06,1.91,1.84,1.72,3.11,2.25,2,2.75,2.49
2016-01-11,2,1.97,2.04,1.87,1.83,1.69,3.06,2.19,1.98,2.74,2.46
2016-01-18,1.91,1.92,1.89,1.69,1.78,1.62,2.9,2.12,1.91,2.65,2.4
2016-01-25,1.86,1.89,1.77,1.59,1.74,1.6,2.81,2.1,1.89,2.6,2.33
2016-02-01,1.82,1.85,1.67,1.66,1.68,1.57,2.73,2.07,1.86,2.53,2.22
2016-02-08,1.76,1.81,1.56,1.5,1.62,1.52,2.63,1.98,1.82,2.49,2.13
2016-02-15,1.72,1.76,1.59,1.55,1.54,1.47,2.5,1.97,1.76,2.44,2.09
2016-02-22,1.73,1.74,1.73,1.7,1.53,1.45,2.37,1.96,1.74,2.39,2.05
2016-02-29,1.78,1.73,1.85,1.76,1.65,1.51,2.57,1.97,1.72,2.4,2.06
2016-03-07,1.84,1.74,1.95,1.84,1.78,1.54,2.58,2.02,1.73,2.45,2.13
2016-03-14,1.96,1.85,2.15,1.94,1.88,1.74,2.74,2.12,1.83,2.59,2.21
2016-03-21,2.01,1.87,2.04,1.92,1.92,1.79,2.81,2.18,1.86,2.67,2.27
2016-03-28,2.07,2,2.14,1.91,1.93,1.85,2.88,2.24,1.96,2.79,2.31
2016-04-04,2.08,2.01,2.21,1.97,1.93,1.84,2.84,2.24,1.99,2.8,2.32
2016-04-11,2.07,2.02,2.11,2.03,1.91,1.82,2.81,2.22,2.01,2.78,2.29
2016-04-18,2.14,2.1,2.25,2.1,2.05,1.86,2.83,2.28,2.11,2.82,2.31
2016-04-25,2.16,2.15,2.38,2.18,2.06,1.86,2.84,2.27,2.13,2.83,2.33
2016-05-02,2.24,2.21,2.44,2.31,2.09,1.93,2.88,2.37,2.2,2.85,2.39
2016-05-09,2.22,2.24,2.33,2.18,2.12,1.94,2.82,2.38,2.22,2.85,2.48
2016-05-16,2.24,2.22,2.42,2.25,2.12,1.95,2.83,2.37,2.22,2.88,2.54
2016-05-23,2.3,2.27,2.5,2.36,2.2,1.99,2.84,2.41,2.24,2.88,2.58
2016-05-30,2.34,2.31,2.54,2.45,2.22,2.05,2.85,2.43,2.29,2.88,2.6
2016-06-06,2.38,2.32,2.64,2.54,2.22,2.08,2.89,2.47,2.28,2.88,2.62
2016-06-13,2.4,2.33,2.78,2.59,2.23,2.1,2.91,2.49,2.29,2.93,2.63
2016-06-20,2.35,2.31,2.64,2.41,2.24,2.07,2.93,2.48,2.28,2.92,2.62
2016-06-27,2.33,2.31,2.5,2.28,2.22,2.06,3.02,2.45,2.28,2.94,2.62
2016-07-04,2.29,2.3,2.41,2.15,2.2,2.06,2.99,2.45,2.26,2.94,2.64
2016-07-11,2.25,2.24,2.33,2.06,2.17,2.01,2.92,2.42,2.24,2.92,2.65
2016-07-18,2.23,2.21,2.36,2.16,2.15,1.99,2.9,2.4,2.21,2.91,2.64
2016-07-25,2.18,2.18,2.21,2.04,2.13,1.95,2.81,2.36,2.18,2.86,2.64
2016-08-01,2.16,2.14,2.22,2.05,2.08,1.91,2.71,2.32,2.16,2.78,2.61
2016-08-08,2.15,2.09,2.32,2.08,2.05,1.93,2.67,2.31,2.12,2.74,2.58
2016-08-15,2.15,2.06,2.26,2.16,2.04,1.89,2.62,2.28,2.11,2.71,2.56
2016-08-22,2.19,2.13,2.36,2.11,2.07,1.93,2.72,2.31,2.14,2.76,2.57
2016-08-29,2.24,2.16,2.43,2.23,2.17,1.97,2.74,2.38,2.15,2.75,2.59
2016-09-05,2.22,2.16,2.31,2.08,2.16,1.98,2.74,2.36,2.17,2.74,2.61
2016-09-12,2.2,2.14,2.37,2.02,2.16,1.94,2.8,2.35,2.15,2.82,2.63
2016-09-19,2.22,2.15,2.3,2.16,2.14,1.93,2.79,2.34,2.16,2.83,2.69
2016-09-26,2.22,2.15,2.32,2.08,2.13,1.92,2.79,2.34,2.16,2.82,2.7
2016-10-03,2.24,2.19,2.36,2.21,2.13,1.95,2.88,2.38,2.16,2.82,2.7
2016-10-10,2.27,2.21,2.42,2.27,2.13,1.98,2.85,2.42,2.18,2.82,2.69
2016-10-17,2.26,2.21,2.29,2.14,2.14,2,2.86,2.44,2.18,2.82,2.7
2016-10-24,2.24,2.2,2.27,2.02,2.14,2,2.85,2.43,2.2,2.82,2.7
2016-10-31,2.23,2.2,2.17,2.02,2.14,1.97,2.91,2.41,2.2,2.8,2.7
2016-11-07,2.23,2.2,2.25,2.07,2.11,1.95,2.9,2.4,2.31,2.78,2.71
2016-11-14,2.18,2.17,2.14,2.02,2.07,1.93,2.84,2.38,2.31,2.72,2.66
2016-11-21,2.15,2.15,2.17,2.06,2.03,1.88,2.76,2.33,2.27,2.7,2.61
2016-11-28,2.15,2.15,2.24,2.06,1.99,1.87,2.72,2.32,2.27,2.7,2.58
2016-12-05,2.21,2.18,2.3,2.14,1.99,1.91,2.75,2.37,2.32,2.7,2.57
2016-12-12,2.24,2.2,2.42,2.2,2.02,1.92,2.71,2.43,2.35,2.71,2.57
2016-12-19,2.26,2.23,2.39,2.26,2.06,1.97,2.73,2.47,2.36,2.71,2.58
2016-12-26,2.31,2.26,2.51,2.34,2.14,2.01,2.78,2.51,2.41,2.74,2.6
2017-01-02,2.38,2.32,2.59,2.32,2.21,2.1,2.86,2.58,2.47,2.8,2.66
2017-01-09,2.39,2.33,2.54,2.36,2.26,2.11,2.89,2.58,2.48,2.82,2.73
2017-01-16,2.36,2.3,2.43,2.28,2.23,2.08,2.85,2.56,2.46,2.86,2.76
2017-01-23,2.33,2.27,2.36,2.17,2.21,2.06,2.84,2.53,2.45,2.85,2.75
2017-01-30,2.3,2.24,2.27,2.08,2.18,2.05,2.86,2.53,2.43,2.84,2.74
2017-02-06,2.29,2.23,2.3,2.02,2.14,2.04,2.93,2.53,2.4,2.86,2.73
2017-02-13,2.31,2.25,2.38,2.12,2.12,2.03,2.98,2.53,2.4,2.89,2.72
2017-02-20,2.3,2.24,2.31,2.08,2.16,2.01,2.98,2.56,2.38,2.92,2.73
2017-02-27,2.31,2.23,2.35,2.17,2.16,2.02,3.07,2.54,2.37,2.96,2.74
2017-03-06,2.34,2.21,2.42,2.22,2.16,2.02,3.05,2.57,2.35,3.03,2.78
2017-03-13,2.32,2.22,2.34,2.15,2.15,2.01,3.04,2.53,2.34,3.03,2.83
2017-03-20,2.32,2.22,2.4,2.14,2.14,2.02,3.03,2.51,2.33,3.05,2.83
2017-03-27,2.32,2.23,2.37,2.1,2.16,2.04,3.03,2.5,2.33,3.04,2.82
2017-04-03,2.36,2.25,2.48,2.32,2.16,2.1,3.01,2.52,2.35,3.05,2.85
2017-04-10,2.42,2.28,2.6,2.28,2.26,2.16,3.03,2.59,2.41,3.05,2.88
2017-04-17,2.44,2.34,2.56,2.33,2.3,2.23,3.06,2.6,2.45,3.06,2.88
2017-04-24,2.45,2.36,2.58,2.36,2.32,2.23,3.05,2.6,2.46,3.06,2.9
2017-05-01,2.41,2.36,2.48,2.27,2.31,2.2,3.03,2.58,2.44,3.06,2.89
2017-05-08,2.37,2.35,2.42,2.21,2.3,2.15,3.02,2.54,2.42,3.04,2.87
2017-05-15,2.37,2.34,2.5,2.16,2.29,2.12,3.04,2.53,2.4,3.07,2.86
2017-05-22,2.4,2.39,2.54,2.31,2.29,2.1,3.09,2.53,2.4,3.19,2.87
2017-05-29,2.41,2.4,2.54,2.26,2.34,2.1,3.1,2.55,2.43,3.23,2.87
2017-06-05,2.41,2.38,2.48,2.26,2.33,2.11,3.07,2.55,2.42,3.2,2.87
2017-06-12,2.37,2.3,2.39,2.2,2.32,2.1,3.01,2.52,2.41,3.15,2.86
2017-06-19,2.32,2.27,2.39,2.14,2.29,2.04,2.97,2.45,2.38,3.1,2.84
2017-06-26,2.29,2.27,2.31,2.1,2.25,1.99,2.91,2.38,2.35,3.06,2.82
2017-07-03,2.26,2.26,2.37,2.08,2.2,1.95,2.91,2.36,2.33,3.04,2.8
2017-07-10,2.3,2.24,2.45,2.15,2.2,1.95,2.92,2.37,2.34,3.03,2.8
2017-07-17,2.28,2.22,2.36,2.13,2.2,1.96,2.91,2.36,2.34,3.02,2.8
2017-07-24,2.31,2.27,2.36,2.18,2.24,2,2.93,2.4,2.37,3.01,2.8
2017-07-31,2.35,2.32,2.46,2.3,2.25,2.02,3,2.44,2.39,3.03,2.8
2017-08-07,2.38,2.34,2.44,2.28,2.3,2.09,3.01,2.46,2.45,3.04,2.81
2017-08-14,2.38,2.33,2.46,2.24,2.29,2.1,3.03,2.45,2.44,3.06,2.83
2017-08-21,2.36,2.32,2.34,2.21,2.29,2.07,3.05,2.44,2.41,3.06,2.89
2017-08-28,2.4,2.36,2.47,2.26,2.29,2.08,3.07,2.48,2.41,3.07,2.95
2017-09-04,2.68,2.73,2.61,2.57,2.55,2.43,3.19,2.87,2.79,3.18,3.03
2017-09-11,2.68,2.74,2.69,2.52,2.52,2.43,3.22,NA,2.8,3.23,3.07
2017-09-18,2.63,2.73,2.54,2.43,2.48,2.39,3.16,2.78,2.76,3.23,3.06
2017-09-25,2.58,2.71,2.42,2.35,2.46,2.38,3.12,2.84,2.69,3.2,3.04
2017-10-02,2.56,2.67,2.55,2.33,2.44,2.35,3.07,2.82,2.63,3.19,2.99
2017-10-09,2.5,2.62,2.46,2.28,2.42,2.28,3.06,2.79,2.58,3.16,2.96
2017-10-16,2.49,2.59,2.54,2.29,2.41,2.2,3.07,2.73,2.54,3.14,2.93
2017-10-23,2.48,2.58,2.61,2.33,2.43,2.17,3.07,2.7,2.51,3.12,2.93
2017-10-30,2.49,2.56,2.66,2.4,2.43,2.14,3.09,2.69,2.52,3.1,2.92
2017-11-06,2.56,2.56,2.86,2.66,2.49,2.17,3.33,2.71,2.56,3.27,2.96
2017-11-13,2.59,2.58,2.78,2.61,2.52,2.2,3.36,2.74,2.62,3.28,3.03
2017-11-20,2.57,2.58,2.77,2.57,2.51,2.18,3.24,2.7,2.6,3.26,3.02
2017-11-27,2.53,2.57,2.61,2.48,2.49,2.16,3.22,2.69,2.6,3.23,2.99
2017-12-04,2.5,2.56,2.48,2.37,2.47,2.15,3.17,2.67,2.59,3.23,2.99
2017-12-11,2.48,2.54,2.53,2.34,2.43,2.12,3.12,2.66,2.56,3.21,2.97
2017-12-18,2.45,2.52,2.57,2.27,2.41,2.1,3.09,2.64,2.53,3.19,2.98
2017-12-25,2.47,2.49,2.68,2.4,2.37,2.13,3.18,2.65,2.5,3.18,2.95
2018-01-01,2.52,2.52,2.71,2.43,2.38,2.16,3.21,2.66,2.57,3.18,2.96
2018-01-08,2.52,2.54,2.66,2.41,2.36,2.19,3.3,2.67,2.59,3.21,2.96
2018-01-15,2.56,2.52,2.73,2.4,2.35,2.21,3.28,2.69,2.59,3.19,2.95
2018-01-22,2.57,2.53,2.62,2.4,2.37,2.23,3.33,2.76,2.63,3.2,2.97
2018-01-29,2.61,2.56,2.64,2.4,2.41,2.27,3.43,2.81,2.68,3.27,3.01
2018-02-05,2.64,2.6,2.66,2.43,2.44,2.29,3.48,2.81,2.71,3.37,3.04
2018-02-12,2.61,2.62,2.57,2.39,2.44,2.26,3.46,2.8,2.69,3.35,3.05
2018-02-19,2.56,2.58,2.49,2.32,2.4,2.2,3.46,2.77,2.66,3.35,3.04
2018-02-26,2.55,2.55,2.54,2.31,2.36,2.17,3.46,2.74,2.62,3.39,3.04
2018-03-05,2.56,2.54,2.55,2.33,2.34,2.21,3.46,2.76,2.6,3.4,3.06
2018-03-12,2.56,2.53,2.58,2.39,2.34,2.2,3.49,2.73,2.58,3.44,3.09
2018-03-19,2.6,2.53,2.74,2.39,2.36,2.28,3.52,2.75,2.58,3.49,3.15
2018-03-26,2.65,2.55,2.74,2.43,2.41,2.36,3.56,2.79,2.65,3.53,3.2
2018-04-02,2.7,2.61,2.79,2.51,2.46,2.41,3.6,2.83,2.69,3.58,3.23
2018-04-09,2.69,2.61,2.81,2.52,2.46,2.39,3.56,2.82,2.69,3.59,3.24
2018-04-16,2.75,2.65,2.81,2.57,2.6,2.45,3.58,2.87,2.74,3.65,3.27
2018-04-23,2.8,2.72,2.9,2.71,2.6,2.48,3.6,2.91,2.84,3.66,3.31
2018-04-30,2.85,2.76,2.93,2.68,2.6,2.51,3.64,2.95,2.91,3.69,3.35
2018-05-07,2.85,2.78,2.99,2.69,2.62,2.51,3.65,2.93,2.92,3.71,3.39
2018-05-14,2.87,2.83,3.03,2.82,2.68,2.61,3.62,2.81,2.94,3.65,3.37
2018-05-21,2.92,2.9,3.15,2.83,2.77,2.72,3.63,2.82,3,3.68,3.39
2018-05-28,2.96,2.95,3.19,2.86,2.85,2.77,3.65,2.9,3.01,3.69,3.43
2018-06-04,2.94,2.93,3.2,2.82,2.83,2.74,3.64,2.87,2.98,3.69,3.43
2018-06-11,2.91,2.89,3.09,2.79,2.8,2.72,3.63,2.81,2.97,3.68,3.41
2018-06-18,2.88,2.86,3.06,2.73,2.79,2.69,3.59,2.79,2.92,3.66,3.39
2018-06-25,2.83,2.86,2.92,2.67,2.73,2.66,3.55,2.75,2.88,3.63,3.39
2018-07-02,2.84,2.87,2.98,2.69,2.74,2.66,3.54,2.75,2.9,3.63,3.38
2018-07-09,2.86,2.87,3.03,2.76,2.74,2.66,3.54,2.74,2.9,3.64,3.37
2018-07-16,2.87,2.88,3,2.82,2.73,2.64,3.52,2.8,2.91,3.63,3.38
2018-07-23,2.83,2.87,2.91,2.74,2.7,2.61,3.5,2.77,2.87,3.61,3.34
2018-07-30,2.85,2.87,2.94,2.79,2.69,2.6,3.5,2.81,2.9,3.57,3.33
2018-08-06,2.85,2.87,2.98,2.78,2.7,2.59,3.5,2.8,2.89,3.57,3.32
2018-08-13,2.84,2.87,2.96,2.71,2.71,2.6,3.49,2.78,2.88,3.55,3.3
2018-08-20,2.82,2.85,2.86,2.71,2.71,2.56,3.46,2.75,2.87,3.52,3.29
2018-08-27,2.83,2.83,2.9,2.76,2.75,2.55,3.46,2.73,2.87,3.53,3.28
2018-09-03,2.82,2.84,2.85,2.74,2.82,2.51,3.5,2.78,2.86,3.55,3.29
2018-09-10,2.83,2.84,2.92,2.73,2.83,2.5,3.52,2.77,2.87,3.55,3.31
2018-09-17,2.84,2.84,2.96,2.79,2.85,2.49,3.51,2.76,2.88,3.58,3.3
2018-09-24,2.84,2.83,2.98,2.77,2.85,2.51,3.52,2.75,2.85,3.58,3.32
2018-10-01,2.87,2.83,2.96,2.77,2.89,2.53,3.65,2.82,2.86,3.66,3.35
2018-10-08,2.9,2.83,3,2.85,2.92,2.58,3.73,2.82,2.9,3.74,3.39
2018-10-15,2.88,2.8,2.89,2.69,2.89,2.57,3.73,2.8,2.88,3.75,3.48
2018-10-22,2.84,2.8,2.79,2.61,2.85,2.53,3.72,2.77,2.86,3.76,3.5
2018-10-29,2.81,2.79,2.84,2.65,2.82,2.47,3.7,2.72,2.83,3.72,3.5
2018-11-05,2.75,2.77,2.75,2.56,2.77,2.42,3.64,2.67,2.79,3.71,3.49
2018-11-12,2.69,2.73,2.66,2.45,2.69,2.35,3.57,2.62,2.71,3.65,3.46
2018-11-19,2.61,2.7,2.51,2.39,2.62,2.31,3.52,2.56,2.66,3.57,3.38
2018-11-26,2.54,2.68,2.43,2.3,2.55,2.22,3.47,2.5,2.62,3.54,3.34
2018-12-03,2.45,2.64,2.3,2.13,2.44,2.14,3.38,2.45,2.57,3.46,3.31
2018-12-10,2.42,2.62,2.36,2.13,2.35,2.08,3.29,2.39,2.52,3.42,3.26
2018-12-17,2.37,2.58,2.27,2.05,2.29,2.02,3.24,2.35,2.49,3.4,3.2
2018-12-24,2.32,2.56,2.22,2.03,2.21,1.99,3.24,2.28,2.45,3.4,3.17
2018-12-31,2.27,2.51,2.12,1.94,2.17,1.95,3.21,2.24,2.41,3.38,3.15
2019-01-07,2.24,2.45,2.12,1.94,2.12,1.92,3.16,2.2,2.4,3.35,3.12
2019-01-14,2.25,2.42,2.15,1.98,2.04,1.92,3.13,2.22,2.38,3.3,3.08
2019-01-21,2.25,2.43,2.19,1.99,2.02,1.92,3.14,2.21,2.38,3.26,3.05
2019-01-28,2.26,2.41,2.14,2.05,2,1.96,3.11,2.24,2.36,3.24,3.02
2019-02-04,2.25,2.39,2.23,2.12,1.96,1.95,3.13,2.23,2.34,3.23,3.01
2019-02-11,2.28,2.37,2.29,2.17,1.94,1.98,3.17,2.21,2.32,3.25,3
2019-02-18,2.32,2.35,2.36,2.23,2.03,2.01,3.18,2.23,2.35,3.24,3
2019-02-25,2.39,2.39,2.5,2.36,2.08,2.09,3.2,2.33,2.43,3.23,2.99
2019-03-04,2.42,2.39,2.47,2.35,2.15,2.13,3.2,2.45,2.44,3.26,2.96
2019-03-11,2.47,2.4,2.56,2.43,2.19,2.22,3.22,2.46,2.5,3.29,2.99
2019-03-18,2.55,2.45,2.69,2.44,2.32,2.33,3.24,2.63,2.57,3.34,3.04
2019-03-25,2.62,2.52,2.77,2.5,2.39,2.41,3.39,2.64,2.64,3.44,3.12
2019-04-01,2.69,2.55,2.89,2.59,2.44,2.46,3.54,2.74,2.65,3.55,3.21
2019-04-08,2.74,2.57,2.98,2.63,2.48,2.5,3.75,2.7,2.7,3.74,3.31
2019-04-15,2.83,2.64,2.98,2.61,2.61,2.59,3.95,2.76,2.77,3.94,3.42
2019-04-22,2.84,2.72,3.07,2.69,2.65,2.59,3.96,2.72,2.84,3.96,3.49
2019-04-29,2.89,2.8,3.11,2.67,2.71,2.61,3.97,2.69,2.92,4.03,3.53
2019-05-06,2.9,2.84,3.15,2.74,2.74,2.61,3.99,2.75,2.93,4.05,3.56
2019-05-13,2.87,2.83,3.22,2.64,2.78,2.59,3.93,2.68,2.92,4.02,3.56
2019-05-20,2.85,2.81,3.15,2.74,2.78,2.58,3.89,2.64,2.9,3.99,3.55
2019-05-27,2.82,2.8,3.14,2.58,2.78,2.55,3.83,2.6,2.85,3.99,3.55
2019-06-03,2.81,2.77,3.15,2.78,2.78,2.52,3.79,2.58,2.82,3.91,3.55
2019-06-10,2.73,2.74,2.97,2.5,2.73,2.46,3.71,2.58,2.77,3.81,3.49
2019-06-17,2.67,2.7,2.84,2.43,2.7,2.38,3.64,2.48,2.74,3.74,3.44
2019-06-24,2.65,2.68,2.93,2.56,2.65,2.33,3.58,2.42,2.71,3.67,3.4
2019-07-01,2.71,2.7,3.04,2.65,2.6,2.37,3.6,2.5,2.77,3.67,3.39
2019-07-08,2.74,2.71,3.08,2.67,2.57,2.42,3.61,2.61,2.77,3.68,3.38
2019-07-15,2.78,2.72,3.27,2.77,2.57,2.47,3.59,2.59,2.79,3.66,3.37
2019-07-22,2.75,2.71,3.09,2.78,2.53,2.48,3.55,2.62,2.78,3.62,3.34
2019-07-29,2.71,2.71,3.07,2.7,2.5,2.45,3.53,2.55,2.76,3.62,3.34
2019-08-05,2.69,2.7,2.96,2.72,2.46,2.43,3.52,2.48,2.75,3.6,3.31
2019-08-12,2.62,2.69,2.78,2.57,2.43,2.38,3.46,2.4,2.7,3.53,3.29
2019-08-19,2.6,2.68,2.77,2.59,2.42,2.37,3.43,2.4,2.68,3.51,3.28
2019-08-26,2.57,2.66,2.8,2.51,2.42,2.32,3.4,2.36,2.65,3.48,3.27
2019-09-02,2.56,2.64,2.76,2.56,2.43,2.29,3.47,2.41,2.61,3.51,3.24
2019-09-09,2.55,2.58,2.67,2.54,2.46,2.28,3.49,2.39,2.59,3.5,3.25
2019-09-16,2.55,2.56,2.74,2.59,2.53,2.27,3.5,2.38,2.55,3.5,3.24
2019-09-23,2.65,2.57,2.86,2.7,2.61,2.34,3.62,2.48,2.58,3.65,3.25
2019-09-30,2.64,2.58,2.73,2.58,2.63,2.29,3.99,2.43,2.56,3.96,3.27
2019-10-07,2.64,2.56,2.81,2.54,2.64,2.26,4.1,2.45,2.54,4.1,3.3
2019-10-14,2.63,2.56,2.82,2.61,2.64,2.23,4.08,2.39,2.51,4.12,3.35
2019-10-21,2.64,2.55,2.71,2.51,2.68,2.21,4,2.44,2.52,4.07,3.41
2019-10-28,2.6,2.55,2.67,2.43,2.69,2.18,3.91,2.39,2.52,3.97,3.44
2019-11-04,2.6,2.55,2.6,2.46,2.75,2.16,3.94,2.42,2.55,3.99,3.43
2019-11-11,2.62,2.55,2.62,2.42,2.72,2.19,3.9,2.39,2.56,3.96,3.42
2019-11-18,2.59,2.54,2.68,2.54,2.75,2.17,3.83,2.36,2.54,3.85,3.4
2019-11-25,2.58,2.53,2.62,2.48,2.71,2.18,3.75,2.37,2.52,3.77,3.35
2019-12-02,2.58,2.53,2.56,2.58,2.73,2.16,3.66,2.42,2.52,3.73,3.33
2019-12-09,2.56,2.53,2.63,2.52,2.75,2.16,3.56,2.48,2.51,3.6,3.28
2019-12-16,2.54,2.53,2.6,2.56,2.69,2.17,3.52,2.45,2.51,3.53,3.23
2019-12-23,2.53,2.53,2.6,2.5,2.63,2.16,3.46,2.44,2.55,3.5,3.2
2019-12-30,2.57,2.54,2.61,2.62,2.59,2.21,3.45,2.45,2.56,3.48,3.2
2020-01-06,2.58,2.55,2.64,2.55,2.59,2.21,3.44,2.51,2.6,3.46,3.18
2020-01-13,2.57,2.54,2.69,2.51,2.55,2.22,3.42,2.47,2.6,3.45,3.13
2020-01-20,2.54,2.54,2.6,2.54,2.52,2.19,3.41,2.51,2.57,3.45,3.14
2020-01-27,2.51,2.52,2.63,2.43,2.49,2.17,3.39,2.44,2.53,3.44,3.11
2020-02-03,2.46,2.5,2.55,2.44,2.45,2.14,3.38,2.39,2.48,3.45,3.11
2020-02-10,2.42,2.48,2.5,2.35,2.43,2.09,3.39,2.38,2.45,3.42,3.13
2020-02-17,2.43,2.46,2.54,2.38,2.38,2.05,3.39,2.33,2.43,3.41,3.12
2020-02-24,2.47,2.47,2.64,2.48,2.34,2.1,3.41,2.39,2.46,3.39,3.12
2020-03-02,2.42,2.44,2.63,2.33,2.28,2.09,3.4,2.34,2.43,3.39,3.12
2020-03-09,2.38,2.43,2.51,2.21,2.23,2.04,3.33,2.27,2.39,3.36,3.12
2020-03-16,2.25,2.3,2.29,1.94,2.08,2,3.24,2.17,2.3,3.23,3.08
2020-03-23,2.12,2.17,2.16,1.77,1.98,1.86,3.08,2.08,2.23,3.06,2.89
2020-03-30,2,2.04,2.05,1.66,1.87,1.78,2.96,1.98,2.16,2.96,2.77
2020-04-06,1.92,1.99,1.96,1.55,1.78,1.72,2.89,1.95,2.11,2.92,2.7
2020-04-13,1.85,1.92,1.91,1.46,1.74,1.61,2.77,1.89,2.07,2.85,2.66
2020-04-20,1.81,1.89,1.89,1.45,1.67,1.57,2.7,1.86,2.02,2.79,2.57
2020-04-27,1.77,1.88,1.84,1.43,1.64,1.54,2.66,1.83,1.97,2.72,2.54
2020-05-04,1.79,1.89,1.92,1.59,1.61,1.52,2.63,1.82,1.96,2.73,2.53
2020-05-11,1.85,1.93,2.19,1.86,1.64,1.53,2.65,1.81,2,2.74,2.58
2020-05-18,1.88,1.94,2.21,1.92,1.71,1.51,2.69,1.8,2.01,2.78,2.56
2020-05-25,1.96,1.98,2.3,1.96,1.92,1.57,2.75,1.87,2.02,2.86,2.62
2020-06-01,1.97,1.98,2.31,2.04,2.09,1.6,2.78,1.86,2.02,2.89,2.59
2020-06-08,2.04,2.02,2.34,2.06,2.22,1.6,2.84,1.88,2.06,2.93,2.64
2020-06-15,2.1,2.02,2.34,2.2,2.33,1.74,2.87,1.98,2.08,2.97,2.68
2020-06-22,2.13,2.05,2.33,2.23,2.4,1.79,2.93,2,2.11,2.99,2.73
2020-06-29,2.17,2.08,2.37,2.23,2.48,1.84,2.96,2,2.13,3.02,2.76
2020-07-06,2.18,2.09,2.36,2.23,2.48,1.85,2.96,2.08,2.13,3.05,2.75
2020-07-13,2.19,2.08,2.4,2.19,2.48,1.85,3.01,2.09,2.13,3.09,2.78
2020-07-20,2.19,2.09,2.37,2.13,2.45,1.85,3.02,2.05,2.12,3.1,2.84
2020-07-27,2.17,2.08,2.36,2.09,2.42,1.84,3.03,2.03,2.12,3.16,2.84
2020-08-03,2.18,2.08,2.35,2.08,2.4,1.83,3.04,2.12,2.1,3.19,2.83
2020-08-10,2.17,2.08,2.35,2.08,2.36,1.8,3.03,2.1,2.1,3.18,2.84
2020-08-17,2.17,2.09,2.32,2.06,2.34,1.82,3.04,2.07,2.09,3.2,2.84
2020-08-24,2.18,2.09,2.33,2.15,2.33,1.8,3.06,2.05,2.1,3.24,2.86
2020-08-31,2.22,2.12,2.36,2.3,2.32,1.83,3.06,2.05,2.19,3.23,2.87
2020-09-07,2.21,2.09,2.35,2.16,2.29,1.84,3.07,2.16,2.17,3.23,2.87
2020-09-14,2.18,2.09,2.33,2.05,2.26,1.83,3.06,2.14,2.13,3.24,2.86
2020-09-21,2.17,2.09,2.32,2.08,2.23,1.82,3.05,2.11,2.11,3.21,2.85
2020-09-28,2.17,2.09,2.31,2.11,2.2,1.77,3.04,2.07,2.09,3.2,2.83
2020-10-05,2.17,2.08,2.3,2.08,2.18,1.77,3.03,2.15,2.12,3.21,2.83
2020-10-12,2.17,2.08,2.27,2.16,2.17,1.75,3.02,2.12,2.13,3.19,2.82
2020-10-19,2.15,2.07,2.23,2.03,2.16,1.74,3.02,2.09,2.13,3.18,2.79
2020-10-26,2.14,2.06,2.25,2.12,2.14,1.72,3.02,2.06,2.1,3.2,2.78
2020-11-02,2.11,2.06,2.22,2,2.1,1.7,2.99,2.03,2.07,3.18,2.78
2020-11-09,2.1,2.05,2.24,2.03,2.09,1.7,2.98,2,2.06,3.19,2.78
2020-11-16,2.11,2.04,2.2,1.96,2.08,1.7,2.97,1.99,2.09,3.18,2.8
2020-11-23,2.1,2.04,2.17,1.97,2.06,1.69,2.96,2.01,2.09,3.17,2.81
2020-11-30,2.12,2.05,2.17,1.91,2.08,1.71,2.97,2.02,2.14,3.18,2.81
2020-12-07,2.16,2.07,2.24,2.02,2.09,1.75,2.98,2.13,2.14,3.2,2.81
2020-12-14,2.16,2.13,2.22,1.96,2.09,1.75,2.99,2.11,2.17,3.19,2.77
2020-12-21,2.22,2.17,2.28,2.09,2.16,1.83,3.02,2.17,2.24,3.21,2.78
2020-12-28,2.24,2.19,2.39,2.19,2.19,1.84,3.05,2.18,2.22,3.23,2.79
2021-01-04,2.25,2.21,2.36,2.18,2.2,1.85,3.06,2.17,2.27,3.24,2.8
2021-01-11,2.32,2.27,2.42,2.19,2.25,1.95,3.11,2.27,2.34,3.28,2.83
2021-01-18,2.38,2.32,2.49,2.28,2.27,2.06,3.19,2.31,2.43,3.33,2.88
2021-01-25,2.39,2.34,2.54,2.35,2.27,2.06,3.23,2.38,2.45,3.35,2.89
2021-02-01,2.41,2.36,2.57,2.31,2.28,2.06,3.27,2.37,2.46,3.34,2.9
2021-02-08,2.46,2.4,2.6,2.42,2.33,2.1,3.34,2.47,2.5,3.35,2.96
2021-02-15,2.5,2.44,2.61,2.41,2.41,2.13,3.37,2.45,2.56,3.39,2.99
2021-02-22,2.63,2.54,2.75,2.68,2.46,2.27,3.48,2.58,2.66,3.49,3.06
2021-03-01,2.71,2.62,2.89,2.66,2.62,2.33,3.59,2.59,2.75,3.59,3.16
2021-03-08,2.77,2.67,2.98,2.79,2.7,2.41,3.65,2.68,2.78,3.67,3.22
2021-03-15,2.85,2.73,3.07,2.77,2.8,2.55,3.73,2.84,2.81,3.82,3.31
2021-03-22,2.87,2.77,3.05,2.7,2.9,2.56,3.77,2.89,2.82,3.84,3.38
2021-03-29,2.85,2.75,3,2.66,2.88,2.54,3.76,2.88,2.81,3.86,3.41
2021-04-05,2.86,2.75,3.06,2.75,2.88,2.53,3.78,2.86,2.8,3.88,3.42
2021-04-12,2.85,2.72,3.02,2.71,2.88,2.52,3.79,2.85,2.77,3.88,3.42
2021-04-19,2.86,2.73,3.06,2.69,2.94,2.51,3.83,2.84,2.77,3.92,3.44
2021-04-26,2.87,2.74,3.1,2.85,2.93,2.5,3.86,2.8,2.83,3.95,3.46
2021-05-03,2.89,2.78,3.15,2.81,2.94,2.52,3.9,2.77,2.87,4.01,3.5
2021-05-10,2.96,2.84,3.2,2.89,2.99,2.59,3.94,2.85,2.96,4.08,3.53
2021-05-17,3.03,2.89,3.26,2.88,3.04,2.65,3.97,2.87,3.01,4.09,3.58
2021-05-24,3.02,2.9,3.24,2.97,3.07,2.64,3.99,2.87,2.99,4.12,3.61
2021-05-31,3.03,2.89,3.27,2.94,3.08,2.64,4.04,2.85,2.98,4.17,3.63
2021-06-07,3.04,2.9,3.34,2.92,3.15,2.63,4.07,2.83,3,4.2,3.66
2021-06-14,3.07,2.91,3.39,2.91,3.17,2.66,4.07,2.94,3.03,4.23,3.66
2021-06-21,3.06,2.92,3.36,2.98,3.27,2.65,4.06,2.91,3.03,4.21,3.66
2021-06-28,3.09,2.95,3.34,2.96,3.34,2.69,4.09,2.9,3.07,4.24,3.71
2021-07-05,3.12,2.98,3.37,3,3.46,2.72,4.12,2.98,3.09,4.23,3.76
2021-07-12,3.13,3,3.37,2.98,3.47,2.74,4.15,2.98,3.1,4.26,3.82
2021-07-19,3.15,3,3.41,3.07,3.5,2.76,4.17,2.95,3.12,4.29,3.86
2021-07-26,3.14,3,3.38,3.02,3.51,2.74,4.17,2.94,3.12,4.26,3.87
2021-08-02,3.16,3.02,3.46,3,3.53,2.79,4.18,2.92,3.14,4.32,3.88
2021-08-09,3.17,3.03,3.41,2.94,3.62,2.79,4.19,2.98,3.12,4.35,3.92
2021-08-16,3.17,3.04,3.4,3.06,3.62,2.78,4.2,2.98,3.12,4.39,3.92
2021-08-23,3.14,3.03,3.33,3,3.6,2.75,4.19,2.97,3.11,4.35,3.92
2021-08-30,3.14,3.04,3.33,2.97,3.6,2.73,4.19,2.94,3.13,4.33,3.93
2021-09-06,3.18,3.06,3.4,3.05,3.58,2.74,4.18,3,3.2,4.33,3.94
2021-09-13,3.16,3.07,3.36,3,3.56,2.74,4.18,2.98,3.19,4.34,3.94
2021-09-20,3.18,3.07,3.4,3.12,3.52,2.74,4.18,3.07,3.2,4.33,3.92
2021-09-27,3.17,3.07,3.34,3.04,3.49,2.73,4.2,3.04,3.19,4.32,3.9
2021-10-04,3.19,3.08,3.42,3.17,3.48,2.74,4.21,3.03,3.18,4.39,3.9
2021-10-11,3.27,3.16,3.5,3.14,3.47,2.82,4.23,3.17,3.26,4.41,3.91
2021-10-18,3.32,3.27,3.52,3.27,3.47,2.87,4.31,3.16,3.35,4.5,3.91
2021-10-25,3.38,3.34,3.56,3.26,3.48,2.94,4.37,3.3,3.44,4.58,3.95
2021-11-01,3.39,3.37,3.54,3.21,3.47,2.99,4.38,3.3,3.44,4.66,3.95
2021-11-08,3.41,3.4,3.62,3.3,3.47,3,4.41,3.28,3.43,4.7,3.92
2021-11-15,3.4,3.4,3.56,3.31,3.46,2.99,4.49,3.26,3.44,4.72,3.93
2021-11-22,3.4,3.4,3.56,3.29,3.43,2.97,4.52,3.33,3.44,4.72,3.94
2021-11-29,3.38,3.4,3.5,3.27,3.38,2.96,4.52,3.34,3.44,4.7,3.93
2021-12-06,3.34,3.37,3.48,3.23,3.32,2.94,4.5,3.28,3.39,4.69,3.92
2021-12-13,3.32,3.35,3.42,3.23,3.25,2.89,4.48,3.23,3.4,4.66,3.9
2021-12-20,3.3,3.35,3.38,3.19,3.23,2.86,4.46,3.17,3.39,4.65,3.89
2021-12-27,3.28,3.36,3.34,3.13,3.2,2.82,4.46,3.17,3.38,4.63,3.88
2022-01-03,3.28,3.35,3.32,3.14,3.18,2.84,4.47,3.17,3.37,4.64,3.91
2022-01-10,3.3,3.33,3.46,3.16,3.18,2.83,4.48,3.14,3.33,4.64,4
2022-01-17,3.31,3.33,3.4,3.16,3.15,2.84,4.48,3.2,3.33,4.64,4.02
2022-01-24,3.32,3.32,3.44,3.16,3.16,2.88,4.46,3.2,3.34,4.63,4.02
2022-01-31,3.37,3.34,3.51,3.15,3.17,2.94,4.48,3.32,3.41,4.62,4.04
2022-02-07,3.44,3.4,3.62,3.29,3.22,3.03,4.5,3.43,3.46,4.63,4.03
2022-02-14,3.49,3.46,3.68,3.27,3.25,3.12,4.53,3.41,3.57,4.67,4.03
2022-02-21,3.53,3.53,3.72,3.37,3.26,3.18,4.56,3.48,3.61,4.72,4.06
2022-02-28,3.61,3.58,3.92,3.39,3.27,3.2,4.67,3.5,3.68,4.79,4.1
2022-03-07,4.1,4.17,4.4,3.92,3.73,3.8,5.2,3.99,4.26,5.28,4.51
2022-03-14,4.32,4.31,4.57,4.11,3.93,3.97,5.6,4.33,4.32,5.7,4.81
2022-03-21,4.24,4.24,4.53,4.04,3.94,3.91,5.74,4.16,4.22,5.77,4.75
2022-03-28,4.23,4.21,4.54,4.14,3.95,3.88,5.83,4.13,4.16,5.79,4.77
2022-04-04,4.17,4.14,4.47,4.08,3.92,3.83,5.75,4.16,4.08,5.75,4.7
2022-04-11,4.09,4.09,4.41,3.94,3.89,3.76,5.64,4.07,4,5.63,4.66
2022-04-18,4.07,4.07,4.39,3.82,3.88,3.74,5.57,4.01,3.97,5.56,4.66
2022-04-25,4.11,4.12,4.45,3.79,3.93,3.75,5.53,4.11,4.04,5.56,4.69
2022-05-02,4.18,4.21,4.47,4.1,3.94,3.8,5.54,4.19,4.2,5.56,4.71
2022-05-09,4.33,4.41,4.67,4.1,3.93,3.99,5.63,4.2,4.46,5.77,4.81
2022-05-16,4.49,4.66,4.93,4.34,4.03,4.14,5.76,4.49,4.68,5.92,4.99
2022-05-23,4.59,4.75,5.13,4.45,4.03,4.23,5.86,4.48,4.8,6.04,5.2
2022-05-30,4.62,4.77,5.26,4.48,4.16,4.21,5.94,4.56,4.81,6.16,5.24
2022-06-06,4.88,5,5.58,4.87,4.6,4.57,6.13,4.75,4.88,6.34,5.42
2022-06-13,5.01,5.06,5.8,5.05,4.84,4.62,6.22,4.87,4.98,6.38,5.55
2022-06-20,4.96,4.98,5.74,4.98,4.84,4.56,6.17,4.79,4.9,6.28,5.52
2022-06-27,4.87,4.9,5.65,4.87,4.83,4.46,6.1,4.68,4.83,6.19,5.46
2022-07-04,4.77,4.83,5.54,4.69,4.83,4.33,6.03,4.54,4.72,6.11,5.4
2022-07-11,4.65,4.7,5.37,4.53,4.78,4.18,5.87,4.42,4.6,5.93,5.31
2022-07-18,4.49,4.62,5.24,4.32,4.67,3.97,5.68,4.28,4.47,5.8,5.16
2022-07-25,4.33,4.51,5.05,4.07,4.46,3.84,5.52,4.11,4.36,5.7,5.08
2022-08-01,4.19,4.48,4.85,3.87,4.2,3.72,5.43,3.98,4.26,5.6,5
2022-08-08,4.04,4.37,4.66,3.68,3.99,3.56,5.24,3.8,4.15,5.45,4.89
2022-08-15,3.94,4.26,4.5,3.59,3.83,3.41,5.16,3.65,4.03,5.44,4.81
2022-08-22,3.88,4.19,4.46,3.65,3.73,3.35,5.06,3.54,3.92,5.42,4.78
2022-08-29,3.83,4.06,4.37,3.57,3.61,3.26,4.97,3.6,3.8,5.19,4.74
2022-09-05,3.75,3.9,4.32,3.62,3.52,3.14,5,3.49,3.65,5.16,4.64
2022-09-12,3.69,3.77,4.21,3.5,3.47,3.04,5.11,3.44,3.57,5.38,4.67
2022-09-19,3.65,3.67,4.08,3.38,3.51,3,5.17,3.42,3.47,5.39,4.65
2022-09-26,3.71,3.56,4.1,3.7,3.6,2.97,5.58,3.36,3.36,5.78,4.87
2022-10-03,3.78,3.47,4.25,3.74,3.52,2.94,6.19,3.16,3.31,6.36,5.36
2022-10-10,3.91,3.55,4.56,3.91,3.6,3.15,6.12,3.32,3.48,6.22,5.5
2022-10-17,3.87,3.59,4.46,3.7,3.53,3.17,5.78,3.36,3.57,5.99,5.29
2022-10-24,3.77,3.57,4.36,3.61,3.42,3.07,5.41,3.34,3.54,5.58,5.05
2022-10-31,3.74,3.73,4.27,3.69,3.35,3.07,5.24,3.25,3.72,5.35,4.93
2022-11-07,3.8,3.82,4.48,3.84,3.33,3.06,5.18,3.4,3.85,5.26,4.88
2022-11-14,3.76,3.82,4.26,3.66,3.28,3.01,5.16,3.5,3.79,5.26,4.9
2022-11-21,3.65,3.79,4.08,3.49,3.17,2.91,4.99,3.42,3.7,5.02,4.82
2022-11-28,3.53,3.75,3.9,3.37,3.03,2.83,4.78,3.36,3.62,4.78,4.59
2022-12-05,3.39,3.65,3.66,3.14,2.92,2.72,4.54,3.25,3.48,4.59,4.42
2022-12-12,3.24,3.51,3.47,2.94,2.81,2.61,4.31,3.16,3.33,4.37,4.21
2022-12-19,3.12,3.38,3.33,2.83,2.69,2.54,4.15,3.03,3.22,4.22,4.03
2022-12-26,3.09,3.33,3.25,2.96,2.62,2.6,4.15,3.02,3.16,4.23,3.94
2023-01-02,3.22,3.33,3.3,3.27,2.81,2.77,4.24,3.27,3.25,4.26,3.97
2023-01-09,3.26,3.3,3.42,3.37,3.02,2.79,4.22,3.25,3.23,4.28,4.04
2023-01-16,3.31,3.27,3.56,3.48,3.35,2.85,4.24,3.31,3.26,4.28,4.07
2023-01-23,3.42,3.37,3.55,3.5,3.61,2.98,4.3,3.4,3.37,4.25,4.11
2023-01-30,3.49,3.4,3.74,3.58,3.77,3.03,4.32,3.52,3.43,4.43,4.21
2023-02-06,3.44,3.37,3.65,3.44,3.86,3,4.37,3.48,3.38,4.48,4.24
2023-02-13,3.39,3.36,3.59,3.44,3.95,2.9,4.44,3.41,3.32,4.44,4.21
2023-02-20,3.38,3.32,3.51,3.26,4.12,2.88,4.55,3.35,3.27,4.5,4.27
2023-02-27,3.34,3.25,3.54,3.14,4.05,2.82,4.61,3.33,3.2,4.55,4.37
2023-03-06,3.39,3.26,3.55,3.44,3.96,2.86,4.73,3.28,3.25,4.78,4.38
2023-03-13,3.46,3.28,3.65,3.37,3.85,2.94,4.75,3.3,3.3,4.74,4.36
2023-03-20,3.42,3.24,3.62,3.27,3.69,2.93,4.66,3.39,3.27,4.63,4.34
2023-03-27,3.42,3.22,3.72,3.17,3.5,3,4.63,3.35,3.23,4.55,4.35
2023-04-03,3.5,3.24,3.92,3.46,3.36,3.1,4.61,3.44,3.32,4.58,4.38
2023-04-10,3.6,3.35,4.04,3.67,3.29,3.19,4.67,3.56,3.4,4.64,4.43
2023-04-17,3.66,3.37,4.17,3.64,3.5,3.24,4.7,3.58,3.48,4.74,4.51
2023-04-24,3.66,3.49,4.18,3.61,3.49,3.19,4.69,3.67,3.54,4.71,4.58
2023-05-01,3.6,3.46,4.17,3.5,3.4,3.11,4.67,3.62,3.52,4.64,4.63
2023-05-08,3.53,3.41,4.1,3.37,3.29,3,4.63,3.58,3.46,4.61,4.63
2023-05-15,3.54,3.4,4.05,3.59,3.22,2.99,4.61,3.52,3.45,4.58,4.64
2023-05-22,3.53,3.42,4.1,3.51,3.22,2.96,4.61,3.44,3.43,4.62,4.65
2023-05-29,3.57,3.5,4.12,3.5,3.37,3,4.66,3.41,3.52,4.63,4.66
2023-06-05,3.54,3.51,4.05,3.4,3.35,2.98,4.68,3.39,3.51,4.63,4.67
2023-06-12,3.6,3.51,4.19,3.59,3.4,3.02,4.73,3.46,3.49,4.75,4.71
2023-06-19,3.58,3.52,4.3,3.49,3.5,3.04,4.69,3.4,3.5,4.66,4.83
2023-06-26,3.57,3.52,4.19,3.42,3.63,3.14,4.67,3.35,3.5,4.57,4.96
2023-07-03,3.53,3.53,4.05,3.29,3.77,3.11,4.66,3.29,3.51,4.62,4.99
2023-07-10,3.55,3.53,3.98,3.24,3.71,3.11,4.7,3.44,3.51,4.66,4.97
2023-07-17,3.56,3.53,4.01,3.34,3.79,3.08,4.74,3.41,3.49,4.67,4.96
2023-07-24,3.6,3.54,3.96,3.29,3.75,3.18,4.72,3.5,3.54,4.64,4.96
2023-07-31,3.76,3.66,4.13,3.52,3.95,3.35,4.86,3.61,3.71,4.81,5.01
2023-08-07,3.83,3.75,4.2,3.48,3.93,3.37,4.94,3.78,3.76,4.88,5.08
2023-08-14,3.85,3.75,4.4,3.65,3.89,3.36,5.01,3.72,3.76,4.98,5.1
2023-08-21,3.87,3.77,4.34,3.58,3.97,3.37,5.14,3.77,3.76,5.05,5.12
2023-08-28,3.81,3.76,4.27,3.5,3.88,3.31,5.14,3.68,3.71,5.16,5.14
2023-09-04,3.81,3.72,4.19,3.61,3.81,3.29,5.16,3.66,3.69,5.21,5.15
2023-09-11,3.82,3.71,4.11,3.52,3.84,3.28,5.26,3.61,3.7,5.29,5.11
2023-09-18,3.88,3.74,4.07,3.63,3.94,3.3,5.66,3.67,3.77,5.44,5.08
2023-09-25,3.84,3.73,3.96,3.53,3.82,3.28,5.84,3.58,3.71,5.51,5.07
2023-10-02,3.8,3.7,3.81,3.4,3.72,3.25,5.98,3.5,3.66,5.73,5.19
2023-10-09,3.68,3.66,3.68,3.25,3.62,3.13,5.67,3.48,3.57,5.49,5.01
2023-10-16,3.58,3.62,3.63,3.16,3.44,3.02,5.4,3.35,3.52,5.42,4.9
2023-10-23,3.53,3.56,3.63,3.25,3.5,2.96,5.18,3.26,3.5,5.25,4.81
2023-10-30,3.47,3.54,3.55,3.19,3.39,2.89,5.01,3.33,3.46,5.13,4.7
2023-11-06,3.4,3.5,3.55,3.2,3.18,2.82,4.9,3.21,3.38,5.05,4.63
2023-11-13,3.35,3.45,3.59,3.18,3.01,2.76,4.82,3.21,3.33,4.92,4.57
2023-11-20,3.29,3.42,3.53,3.07,2.85,2.69,4.73,3.06,3.31,4.86,4.49
2023-11-27,3.24,3.38,3.45,3.02,2.81,2.64,4.67,3.01,3.31,4.77,4.45
2023-12-04,3.23,3.33,3.39,2.99,2.72,2.62,4.56,3.16,3.27,4.68,4.39
2023-12-11,3.14,3.25,3.31,2.87,2.56,2.55,4.43,3.06,3.21,4.5,4.34
2023-12-18,3.05,3.21,3.15,2.74,2.46,2.5,4.35,2.97,3.14,4.35,4.28
2023-12-25,3.12,3.21,3.09,2.84,2.61,2.61,4.36,3.16,3.12,4.4,4.22
2024-01-01,3.09,3.19,2.98,2.71,2.53,2.56,4.46,3.12,3.11,4.6,4.22
2024-01-08,3.07,3.18,3.04,2.56,2.49,2.56,4.44,3.13,3.09,4.58,4.16
2024-01-15,3.06,3.12,3.16,2.88,2.49,2.56,4.31,3.07,3.04,4.45,4.13
2024-01-22,3.06,3.11,3.32,3.07,2.45,2.59,4.24,3.02,3.04,4.37,4.08
2024-01-29,3.1,3.12,3.23,2.99,2.69,2.67,4.29,3.15,3.1,4.35,4.04
2024-02-05,3.14,3.14,3.21,3.02,2.71,2.75,4.4,3.21,3.1,4.38,4.02
2024-02-12,3.19,3.13,3.39,3.16,2.64,2.78,4.48,3.22,3.12,4.41,4
2024-02-19,3.27,3.14,3.54,3.29,2.85,2.84,4.54,3.28,3.19,4.37,4.02
2024-02-26,3.25,3.14,3.52,3.19,2.83,2.81,4.5,3.28,3.17,4.35,4.12
2024-03-04,3.35,3.17,3.83,3.43,2.79,2.85,4.68,3.3,3.21,4.69,4.22
2024-03-11,3.38,3.16,3.76,3.34,2.93,2.85,4.69,3.42,3.19,4.75,4.26
2024-03-18,3.45,3.21,3.76,3.22,2.98,3.02,4.74,3.45,3.24,4.76,4.34
2024-03-25,3.52,3.28,3.97,3.44,2.98,3.11,4.77,3.48,3.29,4.9,4.44
2024-04-01,3.52,3.28,3.92,3.3,2.98,3.1,4.86,3.55,3.27,5,4.58
2024-04-08,3.59,3.31,4.1,3.52,2.94,3.15,5.05,3.45,3.29,5.32,4.68
2024-04-15,3.63,3.39,4.07,3.41,2.97,3.15,5.15,3.47,3.34,5.5,4.72
2024-04-22,3.67,3.58,3.99,3.65,3.08,3.17,5.16,3.52,3.61,5.4,4.72
2024-04-29,3.65,3.61,4.05,3.56,3.02,3.16,5.11,3.56,3.6,5.37,4.71
2024-05-06,3.64,3.6,3.97,3.42,3.2,3.18,5.05,3.58,3.6,5.29,4.72
2024-05-13,3.61,3.58,4.03,3.53,3.11,3.13,4.94,3.41,3.57,5.21,4.69
2024-05-20,3.58,3.55,3.99,3.62,3.3,3.1,4.88,3.43,3.55,5.11,4.65
2024-05-27,3.58,3.54,4.32,3.52,3.19,3.09,4.78,3.5,3.54,5.1,4.7
2024-06-03,3.52,3.52,4.09,3.41,3.24,3.02,4.71,3.41,3.48,5.01,4.57
2024-06-10,3.43,3.5,3.96,3.26,3.11,2.95,4.57,3.31,3.42,4.84,4.45
2024-06-17,3.44,3.48,3.93,3.48,3.24,2.96,4.51,3.26,3.39,4.75,4.42
2024-06-24,3.44,3.43,3.98,3.41,3.14,2.97,4.48,3.32,3.38,4.7,4.41
2024-07-01,3.48,3.47,4.03,3.55,3.26,3,4.48,3.32,3.39,4.58,4.38
2024-07-08,3.49,3.49,3.95,3.38,3.33,NA,4.49,3.47,3.45,4.58,4.36
2024-07-15,3.5,3.5,4.02,3.27,3.23,3.07,4.44,3.48,3.46,4.54,4.35
2024-07-22,3.47,3.48,4.18,3.48,3.13,3.03,4.36,3.31,3.46,4.48,4.32
2024-07-29,3.48,3.47,4.27,3.57,3.28,3.04,4.3,3.37,3.43,4.46,4.32
2024-08-05,3.45,3.46,4.14,3.44,3.26,2.97,4.28,3.45,3.37,4.47,4.29
2024-08-12,3.41,3.42,4.03,3.48,3.24,2.97,4.25,3.3,3.34,4.47,4.28
2024-08-19,3.38,3.4,3.92,3.37,3.36,2.96,4.22,3.26,3.32,4.51,4.29
2024-08-26,3.31,3.36,3.76,3.22,3.24,2.88,4.22,3.22,3.29,4.53,4.25
2024-09-02,3.29,3.3,3.72,3.23,3.33,2.83,4.28,3.24,3.25,4.64,4.33
2024-09-09,3.24,3.25,3.6,3.09,3.21,2.78,4.3,3.16,3.17,4.73,4.25
2024-09-16,3.18,3.15,3.5,2.94,3.34,2.7,4.32,3.13,3.12,4.89,4.24
