SizeRank,RegionName,StateName,2019,2020,2021,2022,2023,2024,change1yr,change5yr
0,Los Angeles County,CA,2362,2365,2471,2770,2841,2913,3,23
1,Cook County,IL,1718,1719,1768,1932,2049,2141,4,25
2,Harris County,TX,1384,1384,1485,1615,1662,1695,2,22
3,Maricopa County,AZ,1307,1377,1668,1865,1863,1879,1,44
4,San Diego County,CA,2189,2214,2474,2918,3059,3106,2,42
5,Orange County,CA,2336,NA,2615,3047,3106,3199,3,37
6,Kings County,NY,2733,2698,2718,3233,3373,3494,4,28
7,Miami-Dade County,FL,1884,1896,2246,2870,2927,2993,2,59
8,Dallas County,TX,1408,1408,1557,1790,1793,1794,0,27
9,Riverside County,CA,1794,1863,2219,2503,2542,2637,4,47
10,Queens County,NY,2399,2377,2340,2649,2811,2942,5,23
11,King County,WA,1970,1983,2061,2295,2296,2373,3,20
12,Clark County,NV,1311,1339,1613,1805,1769,1820,3,39
13,San Bernardino County,CA,1722,1802,2150,2395,2449,2517,3,46
14,Tarrant County,TX,1366,1391,1539,1737,1775,1790,1,31
15,Bexar County,TX,1192,1209,1314,1465,1471,1470,-0,23
16,Santa Clara County,CA,3121,3037,3021,3330,3364,3477,3,11
17,Broward County,FL,1693,1734,NA,2444,2542,2596,2,53
18,Wayne County,MI,985,1029,1152,1274,1306,1387,6,41
19,Alameda County,CA,2665,2654,2672,2853,2843,2837,-0,6
20,New York County,NY,3484,3294,3308,4023,4146,4272,3,23
21,Middlesex County,MA,2516,2497,2561,2851,3002,3121,4,24
22,Philadelphia County,PA,1468,1490,1555,1678,1713,1770,3,21
23,Sacramento County,CA,1682,1744,1988,2145,2172,2236,3,33
24,Suffolk County,NY,2348,2533,2841,3083,3188,3345,5,42
25,Palm Beach County,FL,1696,1762,2118,2569,2647,2721,3,60
26,Bronx County,NY,2031,2075,2096,2276,2424,2561,6,26
27,Hillsborough County,FL,1449,1490,NA,2098,2142,2164,1,49
28,Orange County,FL,1502,1513,1703,2052,2087,2109,1,40
29,Nassau County,NY,2771,2858,3034,3281,3445,3622,5,31
30,Franklin County,OH,1128,1177,1279,1413,1475,1546,5,37
31,Oakland County,MI,1295,1320,1464,1599,1623,1695,4,31
32,Hennepin County,MN,1508,1524,1561,1643,1674,1715,2,14
33,Travis County,TX,1482,1482,1689,1936,1892,1826,-3,23
34,Cuyahoga County,OH,1037,1086,1176,1287,1341,1442,8,39
35,Allegheny County,PA,1158,1198,1269,1374,1420,1485,5,28
36,Salt Lake County,UT,1277,1302,1471,1677,1692,1728,2,35
37,Contra Costa County,CA,2585,2633,2764,2967,2973,3086,4,19
38,Fairfax County,VA,2008,2001,2094,2311,2386,2552,7,27
39,Wake County,NC,1337,1359,1534,1753,1787,1787,0,34
40,Mecklenburg County,NC,1344,1359,1521,1758,1801,1815,1,35
41,Montgomery County,MD,1951,1940,2031,2228,2309,2396,4,23
42,Fulton County,GA,1504,1536,1739,1963,1960,1959,-0,30
43,Collin County,TX,1459,1476,NA,1941,1929,1900,-2,30
44,Pima County,AZ,1084,1135,1320,1496,1562,1598,2,47
45,Honolulu County,HI,2243,2244,2419,2584,2678,2802,5,25
46,Fresno County,CA,1338,1403,1679,1826,1953,2016,3,51
47,Saint Louis County,MO,1043,1076,1173,1294,1388,1448,4,39
48,Westchester County,NY,2475,2532,2647,2902,3001,3094,3,25
49,Duval County,FL,1186,1222,NA,1628,1651,1662,1,40
50,Marion County,IN,1011,1082,1170,1324,1382,1451,5,44
51,Pinellas County,FL,1300,1354,NA,1952,1999,2039,2,57
52,Prince Georges County,MD,1631,1681,1781,1917,1949,2030,4,24
53,Fairfield County,CT,2101,2192,2428,2687,2774,2945,6,40
54,Bergen County,NJ,2118,2140,2258,2528,2656,2796,5,32
55,Erie County,NY,1023,1072,1157,1276,1347,1407,4,38
56,Gwinnett County,GA,1466,1513,1784,1991,2043,2060,1,41
57,Milwaukee County,WI,1067,1096,1152,1249,1316,1388,5,30
58,DuPage County,IL,1520,1550,1681,1873,1969,2074,5,36
59,Shelby County,TN,1013,1089,1234,1359,1394,1439,3,42
60,Pierce County,WA,1458,1526,1742,1906,1911,1996,4,37
61,Kern County,CA,1213,1291,1450,1700,1756,1839,5,52
62,Hartford County,CT,1329,1357,1503,1650,1761,1901,8,43
63,Denton County,TX,1502,1539,NA,1960,1970,1966,-0,31
64,Macomb County,MI,988,1039,1146,1271,1296,1372,6,39
65,San Francisco County,CA,3575,NA,3203,3399,3398,3439,1,-4
66,Hidalgo County,TX,927,942,1024,1119,1161,1187,2,28
67,New Haven County,CT,1391,1455,1617,1799,1935,2082,8,50
68,El Paso County,TX,1095,1159,1265,1461,1529,1587,4,45
69,Middlesex County,NJ,1874,1898,2012,2332,2441,2550,4,36
70,Worcester County,MA,1445,1517,1653,1888,2000,2146,7,49
71,Essex County,NJ,1717,1778,1877,2125,2235,2374,6,38
72,Montgomery County,PA,1543,1592,1733,1938,2002,2091,4,36
73,Baltimore County,MD,1356,1371,1531,1647,1655,1707,3,26
74,Ventura County,CA,2316,2348,2644,2907,2975,3111,5,34
75,Hamilton County,OH,1038,1092,1172,1318,1395,1472,6,42
76,Snohomish County,WA,1702,1726,1885,2130,2165,2246,4,32
77,Multnomah County,OR,1472,1493,1563,1694,1704,1753,3,19
78,Fort Bend County,TX,1619,1619,1808,1979,2024,2055,2,27
79,Essex County,MA,1855,1909,2078,2317,2447,2597,6,40
80,Suffolk County,MA,2633,2604,2633,2911,3119,3236,4,23
81,Oklahoma County,OK,1000,1030,1139,1252,1279,1328,4,33
82,Jefferson County,KY,1018,1052,1111,1244,1307,1397,7,37
83,San Joaquin County,CA,1768,1865,2176,2300,2369,2445,3,38
84,Cobb County,GA,1369,1403,1657,1863,1868,1877,0,37
85,San Mateo County,CA,3208,3146,3064,3326,3339,3442,3,7
86,Dekalb County,GA,1342,1397,1614,1812,1834,1840,0,37
87,Monroe County,NY,1072,1101,1215,1362,1418,1486,5,39
88,Lee County,FL,1356,1408,1646,2057,2171,2129,-2,57
89,El Paso County,CO,1403,1467,1676,1826,1853,1902,3,36
90,Norfolk County,MA,2286,2310,2359,2636,2812,2958,5,29
91,Lake County,IL,1548,1572,1693,1902,1994,2115,6,37
92,Jackson County,MO,992,1042,1128,1230,1298,1372,6,38
93,Polk County,FL,1327,1380,1599,1867,1906,1925,1,45
94,Hudson County,NJ,2454,NA,2450,2876,3047,3135,3,28
95,Davidson County,TN,1495,1524,1654,1904,1908,1934,1,29
96,Denver County,CO,1677,1666,1797,1982,2019,2051,2,22
97,Will County,IL,1572,1603,1763,1933,2035,2181,7,39
98,District of Columbia,DC,2274,2267,2272,2437,2507,2585,3,14
99,Bernalillo County,NM,1054,1099,1272,1456,1520,1572,3,49
100,Jefferson County,AL,1032,1066,1165,1268,1323,1357,3,31
101,Tulsa County,OK,962,1004,1123,1264,1309,1367,4,42
102,Providence County,RI,1367,1412,1571,1775,1895,2030,7,49
103,Kent County,MI,1173,1217,1341,1487,1571,1636,4,39
104,Arapahoe County,CO,1574,1579,1743,1927,1983,2033,3,29
105,Utah County,UT,1375,1414,1599,1808,1853,1896,2,38
106,Bucks County,PA,1594,1634,1828,2052,2126,2244,6,41
107,Monmouth County,NJ,1987,2056,2352,2668,2711,2892,7,46
108,Ocean County,NJ,1802,1899,2179,2470,2614,2755,5,53
109,Montgomery County,TX,1474,1467,1604,1784,1824,1869,2,27
110,Johnson County,KS,1254,1285,1390,1568,1629,1725,6,38
111,Brevard County,FL,1349,1401,1627,1926,1971,1995,1,48
112,Washington County,OR,1558,1580,1753,1999,1984,2086,5,34
113,Baltimore City,MD,1415,1433,1550,1671,1726,1781,3,26
114,Williamson County,TX,1497,1514,1738,1969,1922,1868,-3,25
115,Anne Arundel County,MD,1752,1780,1968,2150,2224,2316,4,32
116,Jefferson County,CO,1586,1602,1765,1959,2041,2094,3,32
117,Douglas County,NE,1031,1081,1148,1253,1337,1394,4,35
118,Bristol County,MA,1289,1375,1513,1739,1834,1990,9,54
119,Delaware County,PA,1295,1322,1460,1618,1688,1764,5,36
120,Union County,NJ,1924,1971,2091,2318,2449,2594,6,35
121,New Castle County,DE,1320,1345,1521,1730,1792,1874,5,42
122,Dane County,WI,1248,1282,1344,1460,1603,1663,4,33
123,Pasco County,FL,1394,1470,1747,2066,2117,2159,2,55
124,Stanislaus County,CA,1393,1493,1703,1851,1922,2017,5,45
125,Lancaster County,PA,1005,1052,1165,1285,1381,1457,6,45
126,Ramsey County,MN,1293,1311,1364,1411,1448,1501,4,16
127,Volusia County,FL,1292,1349,1514,1802,1854,1912,3,48
128,Summit County,OH,848,891,989,1095,1175,1248,6,47
129,Guilford County,NC,1043,1091,1216,1401,1470,1546,5,48
130,Montgomery County,OH,895,960,1037,1155,1214,1282,6,43
131,Chester County,PA,1595,1644,1793,2009,2088,2145,3,34
132,Spokane County,WA,1067,1124,1408,1490,1490,1535,3,44
133,Plymouth County,MA,1926,1982,2206,2465,2521,2683,6,39
134,Camden County,NJ,1360,1411,1626,1841,1879,1990,6,46
135,Passaic County,NJ,1674,1754,1853,2068,2213,2399,8,43
136,Sedgwick County,KS,834,873,935,1011,1074,1130,5,35
137,Greenville County,SC,1170,1175,1324,1487,1528,1585,4,35
138,Kane County,IL,1471,1495,1626,1788,1917,2044,7,39
139,Adams County,CO,1566,1594,1749,1930,1974,2049,4,31
140,Morris County,NJ,2217,2204,2380,2683,2804,2900,3,31
141,Clark County,WA,1439,1470,1680,1862,1889,1901,1,32
142,Lake County,IN,954,996,1126,1205,1281,1374,7,44
143,Richmond County,NY,1964,2020,2110,2268,2405,2568,7,31
144,Sonoma County,CA,2212,2221,2382,2589,2635,2696,2,22
145,Polk County,IA,1012,1024,1063,1147,1185,1222,3,21
146,Ada County,ID,1315,1373,1726,1857,1833,1885,3,43
147,Washoe County,NV,1492,1517,1791,1887,1890,1945,3,30
148,Prince William County,VA,1691,1727,1883,2094,2131,2291,8,35
149,Knox County,TN,1134,1190,1410,1685,1787,1851,4,63
150,Onondaga County,NY,1121,1180,1289,1433,1498,1596,7,42
151,Tulare County,CA,1188,1233,1428,1633,1647,1759,7,48
152,Seminole County,FL,1403,1431,1603,1917,1942,1959,1,40
153,Hampden County,MA,1159,1210,1310,1434,1562,1706,9,47
154,Burlington County,NJ,1516,1561,1788,2001,2103,2228,6,47
155,Virginia Beach City,VA,1401,1445,1681,1833,1910,2018,6,44
156,East Baton Rouge Parish,LA,1130,1135,1208,1327,1334,1374,3,22
157,York County,PA,918,953,1049,1147,1195,1252,5,36
158,Solano County,CA,1962,2007,2213,2379,2392,2476,4,26
159,Santa Barbara County,CA,2235,2344,2671,3132,3220,3360,4,50
160,Jefferson Parish,LA,1281,1325,1394,1590,1635,1699,4,33
161,Monterey County,CA,2083,2104,2276,2513,2628,2732,4,31
162,Dakota County,MN,1364,1413,1485,1572,1610,1665,3,22
163,Lucas County,OH,835,870,961,1081,1106,1168,6,40
164,Sarasota County,FL,1549,1591,1943,2309,2379,2388,0,54
165,Berks County,PA,928,976,1111,1204,1337,1436,7,55
166,Pinal County,AZ,1274,1397,1722,1877,1942,1950,0,53
167,Hillsborough County,NH,1376,1430,1648,1861,1980,2068,4,50
168,Cameron County,TX,974,1011,1102,1198,1279,1360,6,40
169,Clackamas County,OR,1507,1524,1718,1921,1936,2003,3,33
170,Richland County,SC,1054,1103,1220,1374,1457,1522,4,44
171,Mobile County,AL,911,930,1055,1163,1268,1348,6,48
172,Loudoun County,VA,2042,2084,2234,2485,2592,2755,6,35
173,Genesee County,MI,756,779,875,981,973,1059,9,40
174,Waukesha County,WI,1297,1322,1419,1531,1643,1713,4,32
175,Charleston County,SC,1430,1438,1623,1923,2073,2161,4,51
176,Saint Charles County,MO,1206,1237,1349,1516,1585,1661,5,38
177,Placer County,CA,1986,2021,2347,2502,2490,2624,5,32
178,Orange County,NY,1561,1626,1845,2079,2154,2274,6,46
179,Pulaski County,AR,862,893,982,1066,1102,1150,4,33
180,Manatee County,FL,1531,1570,1881,2275,2313,2317,0,51
181,Butler County,OH,1131,1171,1282,1475,1532,1603,5,42
182,Mercer County,NJ,1807,1856,2004,2268,2434,2515,3,39
183,Orleans Parish,LA,1352,1394,1464,1625,1662,1699,2,26
184,Madison County,AL,972,1096,1279,1402,1435,1468,2,51
185,Allen County,IN,859,898,999,1139,1169,1240,6,44
186,Forsyth County,NC,1091,1153,1309,1476,1574,1628,3,49
187,Lane County,OR,1269,1304,1454,1667,1704,1778,4,40
188,Osceola County,FL,1545,1569,1779,2121,2164,2196,1,42
189,Lake County,FL,1449,1503,1699,2024,2082,2153,3,49
190,Stark County,OH,730,773,834,943,990,1070,8,47
191,Collier County,FL,1771,1837,2192,2826,2959,3028,2,71
192,Washtenaw County,MI,1601,1632,1731,1952,2016,2114,5,32
193,Lehigh County,PA,1272,1311,1541,1701,1742,1822,5,43
194,Marion County,FL,1050,1116,1285,1541,1563,1585,1,51
195,Brazoria County,TX,1440,1450,1572,1682,1731,1779,3,24
196,Bell County,TX,958,1000,1192,1342,1355,1360,0,42
197,Hamilton County,TN,1115,1160,1323,1508,1576,1634,4,47
198,Anoka County,MN,1281,1329,1417,1511,1566,1612,3,26
199,Chesterfield County,VA,1236,1289,1471,1650,1703,1801,6,46
200,Davis County,UT,1313,1370,1556,1783,1829,1899,4,45
201,Westmoreland County,PA,831,854,924,983,1038,1103,6,33
202,Larimer County,CO,1490,1519,1631,1791,1885,1974,5,32
203,Nueces County,TX,1119,1153,1278,1348,1372,1378,0,23
204,Douglas County,CO,1888,1900,2110,2327,2380,2453,3,30
205,Galveston County,TX,1300,1320,1421,1580,1669,1686,1,30
206,Horry County,SC,1272,1299,1494,1786,1835,1890,3,49
208,Marion County,OR,1196,1245,1390,1558,1608,1648,2,38
209,Somerset County,NJ,2014,2031,2178,2436,2570,2698,5,34
210,Hamilton County,IN,1425,1467,1643,1846,1882,1942,3,36
211,Rockland County,NY,2065,2096,2327,2664,2787,2946,6,43
212,Rutherford County,TN,1410,1467,1615,1860,1912,1947,2,38
213,Cumberland County,NC,882,951,1134,1282,1360,1410,4,60
214,Henrico County,VA,1303,1319,1502,1712,1720,1798,5,38
215,Howard County,MD,1758,1768,1913,2117,2191,2264,3,29
216,Boulder County,CO,1843,1870,2026,2209,2316,2392,3,30
217,Saint Lucie County,FL,1499,1575,1883,2251,2326,2390,3,59
218,Luzerne County,PA,851,914,1044,1147,1212,1289,6,51
219,Spartanburg County,SC,1099,1150,1241,1373,1446,1511,4,37
220,Weld County,CO,1419,1452,1557,1710,1790,1862,4,31
221,Fayette County,KY,1006,1036,1140,1288,1359,1439,6,43
222,Lancaster County,NE,977,1009,1072,1172,1238,1299,5,33
223,Durham County,NC,1324,1341,1493,1702,1735,1756,1,33
224,Escambia County,FL,1129,1215,1478,1635,1662,1725,4,53
225,Albany County,NY,1233,1254,1358,1443,1531,1585,4,29
226,Rockingham County,NH,1714,1788,2012,2261,2366,2516,6,47
227,Lorain County,OH,968,1005,1124,1233,1330,1411,6,46
228,Northampton County,PA,1229,1281,1471,1623,1701,1778,5,45
229,McHenry County,IL,1550,1599,1729,1885,1985,2162,9,39
230,Lubbock County,TX,1121,1159,1242,1321,1351,1391,3,24
231,Saint Louis City,MO,1002,1037,1097,1217,1270,1335,5,33
232,Cumberland County,ME,1647,1734,1967,2179,2293,2373,3,44
233,Gloucester County,NJ,1523,1542,1826,2027,2132,2293,8,51
234,Greene County,MO,869,924,1068,1162,1216,1252,3,44
235,Dutchess County,NY,1324,1459,1694,1848,1965,2074,6,57
236,Chatham County,GA,1217,1243,1434,1726,1802,1870,4,54
237,Clayton County,GA,1118,1222,1462,1659,1725,1778,3,59
238,Ottawa County,MI,1104,1158,1282,1410,1475,1567,6,42
239,Anchorage Borough,AK,1318,1337,1422,1576,1678,1736,3,32
240,Cleveland County,OK,1038,1067,1165,1271,1315,1354,3,30
241,Lexington County,SC,1165,1214,1353,1502,1599,1667,4,43
242,Leon County,FL,1029,1040,1135,1328,1417,1478,4,44
243,Thurston County,WA,1518,1608,1830,2027,2059,2127,3,40
244,Ingham County,MI,941,994,1080,1197,1244,1347,8,43
245,Winnebago County,IL,828,873,948,1042,1120,1220,9,47
246,Dauphin County,PA,976,1022,1149,1257,1303,1343,3,38
247,San Luis Obispo County,CA,2095,2136,2302,2590,2761,2915,6,39
248,Benton County,AR,1099,1146,1267,1500,1564,1627,4,48
249,Merced County,CA,1410,1450,1727,1866,1926,2028,5,44
250,York County,SC,1142,1180,1362,1559,1628,1622,-0,42
251,Alachua County,FL,1160,1208,1321,1541,1617,1631,1,41
252,Atlantic County,NJ,1235,1283,1522,1804,1893,2005,6,62
253,Kitsap County,WA,1560,1574,1854,2005,1969,2070,5,33
254,Santa Cruz County,CA,2653,2645,2875,3289,3500,3604,3,36
255,Saint Joseph County,IN,923,978,1122,1260,1359,1407,4,52
256,Erie County,PA,768,777,827,916,983,1054,7,37
257,New London County,CT,1173,1240,1378,1524,1639,1816,11,55
258,Frederick County,MD,1571,1605,1768,2039,2088,2142,3,36
259,Brown County,WI,NA,NA,791,893,958,1021,7,NA
260,Buncombe County,NC,1301,1338,1514,1781,1853,1935,4,49
261,Webb County,TX,913,932,984,1074,1132,1199,6,31
262,Madison County,IL,804,829,882,956,1033,1083,5,35
263,Saint Johns County,FL,1665,1726,2003,2320,2368,2376,0,43
264,Washington County,MN,1534,1575,1728,1852,1904,1954,3,27
265,Saint Tammany Parish,LA,1212,1214,1366,1564,1529,1574,3,30
266,Marin County,CA,3201,3212,3395,3663,3699,3836,4,20
267,Cherokee County,GA,1537,1581,1842,2089,2094,2169,4,41
268,Kalamazoo County,MI,923,960,1043,1156,1191,1234,4,34
269,Weber County,UT,1076,1142,1337,1501,1556,1595,3,48
270,Saint Clair County,IL,908,945,1020,1121,1182,1248,6,37
271,Harford County,MD,1366,1408,1541,1689,1735,1856,7,36
272,McLennan County,TX,1120,1157,1265,1456,1478,1536,4,37
273,Cumberland County,PA,1146,1191,1312,1461,1550,1581,2,38
274,Jefferson County,TX,901,948,983,1043,1072,1145,7,27
275,Yakima County,WA,NA,NA,NA,1218,1292,1357,5,NA
276,Clay County,MO,1078,1136,1240,1363,1424,1520,7,41
277,Chesapeake City,VA,1458,1488,1675,1837,1905,2039,7,40
278,Forsyth County,GA,1697,1738,1997,2295,2356,2410,2,42
279,Washington County,AR,1120,1150,1258,1398,1501,1578,5,41
280,Williamson County,TN,1656,1656,NA,2185,2242,2270,1,37
281,Lafayette Parish,LA,1066,1081,1181,1269,1303,1339,3,26
282,Caddo Parish,LA,896,939,989,1069,1102,1147,4,28
283,Warren County,OH,1409,1445,1576,1752,1843,1928,5,37
284,Norfolk City,VA,1111,1173,1293,1435,1499,1613,8,45
285,Henry County,GA,1321,1426,1690,1862,1910,1946,2,47
286,Union County,NC,1531,1589,1809,1964,2078,2113,2,38
287,Arlington County,VA,2261,2223,2265,2496,2560,2677,5,18
288,Saratoga County,NY,1300,1346,1475,1714,1744,1845,6,42
289,Hays County,TX,1359,1384,1522,1706,1715,1695,-1,25
290,Sussex County,DE,NA,NA,2084,2121,2191,2179,-1,NA
291,Yavapai County,AZ,1317,1385,1623,1852,1860,1908,3,45
292,Lake County,OH,1092,1120,1202,1342,1374,1468,7,34
293,Oneida County,NY,NA,NA,NA,1199,1306,1443,10,NA
294,Smith County,TX,1155,1164,1315,1428,1487,1502,1,30
295,Brazos County,TX,1177,1198,1275,1399,1482,1548,4,32
296,Hinds County,MS,932,968,1026,1102,1161,1249,8,34
297,Montgomery County,AL,938,964,1069,1182,1222,1294,6,38
298,Mahoning County,OH,679,728,802,879,949,1025,8,51
299,Linn County,IA,898,919,972,1033,1079,1121,4,25
300,Barnstable County,MA,1633,1779,2068,2340,2536,2722,7,67
301,Canyon County,ID,1118,1183,1429,1578,1594,1630,2,46
302,Baldwin County,AL,1250,1278,1504,1679,1719,1753,2,40
303,Gaston County,NC,1212,1288,1443,1624,1704,1750,3,44
304,Jefferson County,MO,1105,1154,1249,1363,1484,1571,6,42
305,Richmond City,VA,1148,1196,1295,1455,1508,1609,7,40
306,New Hanover County,NC,1196,1264,1404,1716,1729,1765,2,48
307,Whatcom County,WA,1368,1445,1583,1787,1881,1955,4,43
308,Tuscaloosa County,AL,1131,1152,1212,1318,1419,1508,6,33
309,Berkeley County,SC,1374,1422,1605,1844,1970,2044,4,49
310,Jackson County,OR,1364,1423,1547,1686,1744,1814,4,33
311,Cabarrus County,NC,1321,1386,1560,1760,1815,1874,3,42
312,Shelby County,AL,1195,1236,1359,1463,1527,1582,4,32
313,Dona Ana County,NM,947,979,1104,1258,1354,1397,3,48
314,Butte County,CA,1353,1370,1466,1557,1609,1648,2,22
315,Yolo County,CA,1923,1963,2131,2315,2411,2476,3,29
316,Clay County,FL,1355,1413,1640,1811,1890,1930,2,42
317,Montgomery County,TN,1032,1086,1223,1388,1395,1449,4,40
318,Lackawanna County,PA,868,944,1073,1174,1236,1320,7,52
319,Niagara County,NY,680,723,814,924,1036,1104,7,62
320,Calcasieu Parish,LA,966,928,1166,1039,1027,1064,4,10
321,Mohave County,AZ,1083,1154,1380,1525,1553,1614,4,49
322,Delaware County,OH,1285,1302,1412,1602,1628,1692,4,32
323,Johnston County,NC,1396,1436,1628,1789,1846,1909,3,37
324,York County,ME,1324,1452,1608,1882,2029,2178,7,65
325,Okaloosa County,FL,1391,1455,1776,1990,2013,2045,2,47
326,Washington County,PA,983,1008,1067,1169,1196,1241,4,26
327,Clermont County,OH,1280,1320,1499,1653,1742,1830,5,43
328,Harrison County,MS,922,992,1100,1224,1334,1398,5,52
329,Champaign County,IL,933,941,993,1097,1150,1259,9,35
330,Elkhart County,IN,NA,NA,NA,1079,1054,1115,6,NA
331,Richmond County,GA,880,942,1087,1190,1252,1296,4,47
332,Benton County,WA,1236,1268,1467,1589,1668,1720,3,39
333,Muscogee County,GA,853,935,1038,1149,1175,1219,4,43
334,Yuma County,AZ,NA,NA,NA,1334,1378,1429,4,NA
335,Anderson County,SC,905,944,1047,1229,1247,1419,14,57
336,Trumbull County,OH,705,752,849,909,959,1048,9,49
337,Hall County,GA,1225,1260,1525,1682,1744,1824,5,49
338,Onslow County,NC,1011,1038,1153,1397,1427,1474,3,46
339,Hawaii County,HI,NA,NA,NA,2155,2300,2472,7,NA
340,Saint Louis County,MN,1018,1060,1133,1218,1285,1353,5,33
341,Broome County,NY,666,681,776,877,957,1111,16,67
342,Racine County,WI,930,973,1026,1123,1203,1242,3,34
343,Sangamon County,IL,828,851,905,992,1063,1143,8,38
344,Deschutes County,OR,1602,1698,2168,2210,2240,2290,2,43
345,Minnehaha County,SD,871,903,978,1114,1162,1192,3,37
346,Livingston County,MI,1555,1584,1789,1979,2031,2152,6,38
347,Sumner County,TN,1321,1333,1494,1735,1746,1776,2,34
348,Butler County,PA,1286,1352,1424,1561,1650,1732,5,35
349,Hernando County,FL,1176,1240,1496,1824,1897,1950,3,66
350,El Dorado County,CA,1770,1817,2208,2363,2387,2486,4,40
351,Saginaw County,MI,NA,NA,736,853,862,940,9,NA
352,Outagamie County,WI,NA,NA,NA,1169,1238,1296,5,NA
353,Sarpy County,NE,1042,1087,1188,1287,1384,1450,5,39
354,Ellis County,TX,1526,1598,1723,1962,2005,2078,4,36
355,Tippecanoe County,IN,958,985,1051,1173,1299,1375,6,44
356,Beaufort County,SC,1449,1474,1681,2067,2139,2203,3,52
358,Litchfield County,CT,959,1025,1275,1378,1545,1730,12,80
359,Charlotte County,FL,1375,1463,1616,2079,2181,2129,-2,55
360,Santa Rosa County,FL,1400,1467,1743,2013,2048,2089,2,49
361,Iredell County,NC,1291,1352,1568,1729,1779,1814,2,41
362,DeSoto County,MS,1268,1332,1539,1703,1780,1802,1,42
363,Newport News City,VA,1042,1074,1286,1401,1431,1524,6,46
364,Cass County,ND,882,902,931,999,1052,1123,7,27
365,Peoria County,IL,752,783,839,949,1005,1084,8,44
366,Boone County,MO,873,905,978,1097,1202,1302,8,49
367,Kanawha County,WV,761,779,818,870,896,974,9,28
368,Shasta County,CA,1162,1233,1364,1499,1553,1629,5,40
369,Ulster County,NY,1259,1381,1636,1780,1861,1950,5,55
370,Medina County,OH,1235,1292,1473,1637,1685,1799,7,46
371,Bay County,FL,1486,1380,1565,1776,1791,1839,3,24
372,Kent County,DE,1131,1172,1376,1491,1557,1627,4,44
373,Imperial County,CA,NA,NA,NA,NA,1407,1594,13,NA
374,Vanderburgh County,IN,698,702,790,838,915,976,7,40
375,Shawnee County,KS,792,799,875,969,1053,1103,5,39
376,Licking County,OH,1347,1410,1605,1770,1861,1965,6,46
377,Johnson County,TX,1355,1421,1575,1763,1835,1871,2,38
378,Washington County,UT,1304,1344,1557,1715,1741,1785,3,37
379,Muskegon County,MI,NA,NA,971,1069,1098,1199,9,NA
380,Scott County,IA,787,804,855,918,946,1010,7,28
381,Porter County,IN,1030,1080,1175,1304,1375,1437,5,40
382,Lee County,AL,1174,1187,1260,1398,1522,1638,8,40
383,Carroll County,MD,1327,1328,1455,1573,1620,1761,9,33
384,Hendricks County,IN,1310,1359,1529,1661,1727,1790,4,37
385,McLean County,IL,846,900,980,1157,1174,1350,15,60
386,Winnebago County,WI,719,765,853,941,1002,1056,5,47
387,Pitt County,NC,977,1030,1136,1288,1386,1452,5,49
388,Guadalupe County,TX,1482,1521,1627,1818,1841,1876,2,27
389,Kent County,RI,1379,1427,1717,1987,2015,2128,6,54
390,Alamance County,NC,909,954,1095,1251,1313,1393,6,53
391,Kenosha County,WI,1150,1178,1252,1346,1460,1539,5,34
392,Wyandotte County,KS,904,946,1023,1125,1183,1246,5,38
393,Kootenai County,ID,1215,1293,1738,1845,1786,1837,3,51
394,Kenton County,KY,1038,1104,1192,1318,1436,1500,4,45
395,Beaver County,PA,NA,NA,915,928,985,1041,6,NA
396,Monroe County,PA,1194,1269,1500,1701,1767,1848,5,55
397,Aiken County,SC,953,1038,1136,1297,1398,1451,4,52
398,Davidson County,NC,NA,NA,1190,1295,1388,1462,5,NA
399,Pueblo County,CO,929,988,1101,1226,1265,1318,4,42
400,Chittenden County,VT,1508,1568,1683,1907,2015,2164,7,44
401,Greene County,OH,1166,1224,1313,1491,1571,1664,6,43
402,Midland County,TX,1632,1325,1276,1404,1584,1643,4,1
403,Paulding County,GA,1458,1529,1764,1933,1981,2032,3,39
404,Charles County,MD,1737,1836,2092,2190,2255,2436,8,40
405,Maui County,HI,NA,NA,3013,3327,3507,3909,11,NA
405,Middlesex County,CT,1360,1399,1516,1659,1843,1975,7,45
407,Yellowstone County,MT,963,1009,1162,1312,1355,1399,3,45
408,Rock County,WI,NA,NA,NA,979,1036,1089,5,NA
409,Portage County,OH,1140,1204,1277,1414,1507,1592,6,40
410,Hampshire County,MA,NA,NA,1832,2087,2256,2348,4,NA
411,Ector County,TX,1541,1229,1148,1298,1469,1494,2,-3
412,Houston County,GA,1108,1164,1304,1506,1621,1676,3,51
413,Dorchester County,SC,1280,1308,1451,1639,1758,1815,3,42
414,Rensselaer County,NY,1089,1114,1185,1305,1395,1462,5,34
415,Olmsted County,MN,1378,1392,1472,1603,1671,1718,3,25
416,Jackson County,MI,783,881,958,1018,1110,1132,2,45
417,Ouachita Parish,LA,NA,NA,NA,1069,1099,1123,2,NA
418,Saint Clair County,MI,NA,NA,NA,NA,1036,1100,6,NA
419,Johnson County,IN,1239,1281,1428,1556,1612,1696,5,37
420,Catawba County,NC,NA,NA,NA,1360,1389,1450,4,NA
421,Centre County,PA,1336,1399,1468,1574,1658,1735,5,30
422,Alexandria City,VA,1908,1893,1923,2126,2167,2282,5,20
423,Indian River County,FL,1354,1439,1764,2041,2197,2345,7,73
424,Martin County,FL,1467,1523,1824,2193,2279,2328,2,59
425,Sullivan County,TN,NA,NA,NA,1082,1226,1321,8,NA
426,Stearns County,MN,1021,1031,1102,1244,1303,1333,2,31
427,Fairfield County,OH,1218,1263,1444,1577,1674,1768,6,45
428,Schenectady County,NY,1008,1024,1118,1238,1279,1414,11,40
429,Bibb County,GA,791,820,986,1074,1125,1191,6,51
430,Madera County,CA,NA,NA,NA,1924,2021,2155,7,NA
431,Comal County,TX,1330,1357,1575,1709,1708,1693,-1,27
432,Rankin County,MS,1128,1178,1309,1444,1509,1601,6,42
434,Franklin County,PA,816,853,968,1074,1135,1198,6,47
435,Cumberland County,NJ,NA,NA,NA,NA,NA,1846,NA,NA
436,Mesa County,CO,1096,1153,1299,1443,1510,1644,9,50
437,Columbia County,GA,1251,1325,1463,1633,1700,1763,4,41
438,Berrien County,MI,1140,1162,1270,1449,1556,1644,6,44
439,Stafford County,VA,1654,1698,1887,2114,2184,2368,8,43
440,Monroe County,MI,NA,NA,998,1139,1136,1244,10,NA
441,Washington County,MD,915,978,1074,1184,1294,1412,9,54
442,Santa Fe County,NM,1433,1429,1625,1834,1997,2071,4,45
443,Merrimack County,NH,NA,NA,NA,1860,1987,2159,9,NA
444,Penobscot County,ME,1021,1085,1213,1347,1420,1462,3,43
445,Citrus County,FL,1163,1187,1393,1635,1685,1764,5,52
446,Kings County,CA,NA,NA,NA,1705,1842,1945,6,NA
447,Johnson County,IA,1051,1078,1114,1178,1222,1286,5,22
448,Canadian County,OK,1270,1286,1413,1517,1547,1587,3,25
449,Tolland County,CT,1272,1309,1422,1542,1698,1878,11,48
450,Scott County,MN,1417,1461,1580,1705,1762,1809,3,28
451,Sandoval County,NM,1212,1272,1467,1657,1771,1883,6,55
452,Orange County,NC,1231,1275,1385,1605,1644,1674,2,36
453,Rowan County,NC,NA,910,1049,1190,1257,1359,8,NA
454,Sussex County,NJ,NA,NA,NA,2102,2276,2402,6,NA
455,Coweta County,GA,1275,1315,1595,1798,1824,1842,1,44
456,Coconino County,AZ,1529,1600,1771,2084,2224,2274,2,49
457,Parker County,TX,1189,1221,1356,1542,1589,1655,4,39
458,Wilson County,TN,1543,1616,1737,1947,2025,2070,2,34
459,Rock Island County,IL,NA,NA,810,906,947,983,4,NA
460,Randolph County,NC,NA,NA,NA,NA,991,1075,8,NA
461,Douglas County,GA,1322,1411,1612,1807,1849,1891,2,43
462,Schuylkill County,PA,NA,NA,NA,972,1049,1118,7,NA
463,Jackson County,MS,967,1042,1151,1272,1376,1456,6,51
464,Lebanon County,PA,NA,NA,1069,1202,1292,1351,5,NA
465,Taylor County,TX,1019,1065,1156,1272,1327,1371,3,35
466,Livingston Parish,LA,1119,1133,1206,1309,1345,1395,4,25
467,Monroe County,IN,1105,1145,1211,1394,1424,1502,5,36
468,Kaufman County,TX,1506,1554,1695,1881,1935,1976,2,31
469,Wright County,MN,1351,1407,1500,1597,1669,1764,6,31
471,Randall County,TX,1183,1223,1322,1484,1489,1537,3,30
472,Napa County,CA,2458,2515,2727,3010,3006,3097,3,26
473,Spotsylvania County,VA,1400,1439,1699,1866,1879,1962,4,40
474,Marathon County,WI,NA,NA,NA,908,931,974,5,NA
475,Florence County,SC,NA,NA,1112,1233,1334,1421,7,NA
476,Humboldt County,CA,NA,NA,NA,1331,1433,1543,8,NA
477,Hampton City,VA,1060,1097,1336,1394,1495,1557,4,47
478,Washington County,WI,NA,NA,955,1076,1139,1194,5,NA
479,Clark County,OH,NA,NA,NA,719,786,875,11,NA
480,Boone County,KY,1310,1366,1507,1639,1723,1791,4,37
481,Calhoun County,MI,NA,NA,NA,1060,1101,1138,3,NA
482,Grayson County,TX,1141,1185,1348,1456,1512,1538,2,35
483,Cambria County,PA,589,599,661,716,743,805,8,37
484,Blount County,TN,1108,1164,1356,1615,1772,1841,4,66
485,Brunswick County,NC,1250,1308,1459,1707,1842,1892,3,51
486,Harnett County,NC,NA,NA,1582,1752,1817,1918,6,NA
487,Warren County,KY,1028,1059,1140,1260,1348,1394,3,36
488,Tazewell County,IL,NA,NA,NA,NA,893,996,12,NA
489,Washington County,TN,944,973,1077,1268,1394,1464,5,55
490,Wood County,OH,1276,1318,1474,1692,1652,1704,3,34
491,Tangipahoa Parish,LA,NA,NA,NA,1226,1254,1290,3,NA
492,Cache County,UT,NA,NA,NA,1249,1280,1329,4,NA
493,Black Hawk County,IA,787,804,842,880,943,990,5,26
494,Kendall County,IL,1670,1715,1884,2077,2220,2354,6,41
495,Strafford County,NH,1319,1397,1594,1826,1950,2098,8,59
496,Rapides Parish,LA,NA,NA,NA,NA,940,1004,7,NA
497,Madison County,IN,680,734,804,899,972,1041,7,53
498,Washington County,RI,1492,1609,1868,2106,2277,2434,7,63
499,Pickens County,SC,996,1017,1141,1340,1398,1464,5,47
500,Wichita County,TX,799,842,966,1072,1140,1184,4,48
501,Fayette County,PA,NA,NA,NA,NA,NA,910,NA,NA
502,Berkshire County,MA,NA,NA,1254,1362,1503,1664,11,NA
503,Hunterdon County,NJ,1837,1895,2071,2331,2407,2534,5,38
504,Skagit County,WA,1524,1631,1831,2062,2107,2233,6,47
505,Clarke County,GA,1118,1180,1304,1512,1639,1749,7,56
507,Chautauqua County,NY,NA,NA,NA,NA,NA,925,NA,NA
508,Bossier Parish,LA,1087,1122,1224,1323,1391,1437,3,32
509,Sebastian County,AR,703,733,819,907,964,1020,6,45
510,Sumter County,FL,NA,NA,NA,1797,1924,2033,6,NA
511,Linn County,OR,1114,1174,1313,1474,1564,1619,4,45
512,Ascension Parish,LA,1366,1421,1467,1626,1653,1689,2,24
513,Cochise County,AZ,NA,NA,NA,1261,1302,1365,5,NA
514,Richland County,OH,NA,NA,NA,NA,902,998,11,NA
515,Gregg County,TX,856,893,955,1083,1143,1159,1,35
516,Kennebec County,ME,839,900,1027,1164,1246,1348,8,61
517,Faulkner County,AR,982,1023,1133,1232,1280,1342,5,37
518,Blair County,PA,NA,NA,NA,NA,814,842,3,NA
519,San Juan County,NM,NA,NA,NA,NA,1244,1315,6,NA
520,Morgan County,AL,NA,NA,NA,1114,1219,1340,10,NA
521,Saline County,AR,1113,1161,1239,1367,1449,1526,5,37
522,Jasper County,MO,NA,NA,NA,1038,1109,1164,5,NA
523,Bonneville County,ID,865,915,1109,1263,1277,1320,3,53
524,Comanche County,OK,754,772,867,981,1013,1086,7,44
525,Berkeley County,WV,1178,1238,1392,1581,1594,1706,7,45
526,La Crosse County,WI,NA,NA,NA,959,1042,1088,4,NA
527,Clark County,IN,NA,NA,NA,1332,1408,1435,2,NA
528,Allegan County,MI,NA,NA,NA,NA,1130,1286,14,NA
529,Tom Green County,TX,1111,1134,1197,1283,1318,1387,5,25
530,Potter County,TX,784,801,874,957,995,1053,6,34
531,Robeson County,NC,NA,NA,NA,NA,NA,1086,NA,NA
532,Douglas County,KS,931,983,1043,1120,1220,1301,7,40
533,Carroll County,GA,1113,1258,1423,1617,1690,1767,5,59
534,Oswego County,NY,NA,NA,NA,NA,1139,1338,17,NA
535,Wayne County,NC,NA,NA,NA,NA,1317,1415,7,NA
536,Fayette County,GA,1609,1645,1969,2144,2198,2349,7,46
537,Jefferson County,NY,1032,1091,1219,1258,1333,1417,6,37
538,Sheboygan County,WI,NA,NA,NA,822,911,1022,12,NA
539,Lowndes County,GA,NA,925,1007,1207,1221,1301,7,NA
540,Missoula County,MT,924,965,1248,1334,1416,1462,3,58
541,Wayne County,OH,NA,NA,NA,1204,1323,1448,9,NA
542,Windham County,CT,NA,NA,NA,1350,1423,1712,20,NA
543,Calhoun County,AL,NA,NA,NA,NA,940,1007,7,NA
544,Gallatin County,MT,NA,NA,1910,2230,2276,2304,1,NA
545,Henderson County,NC,NA,NA,1446,1674,1767,1859,5,NA
546,Lycoming County,PA,NA,NA,NA,NA,1311,1383,5,NA
547,Flagler County,FL,1374,1429,1636,1981,1970,2000,2,46
548,Saint Marys County,MD,1260,1320,1504,1583,1664,1781,7,41
549,Delaware County,IN,664,703,758,851,891,964,8,45
550,La Porte County,IN,NA,NA,NA,975,1047,1127,8,NA
551,Ontario County,NY,NA,NA,1589,1754,1843,1925,4,NA
552,Albemarle County,VA,1366,1370,1548,1705,1769,1921,9,41
553,Newton County,GA,1270,1385,1590,1790,1845,1924,4,51
554,Mercer County,PA,NA,NA,NA,798,839,880,5,NA
555,Douglas County,OR,NA,NA,NA,NA,1361,1441,6,NA
556,Androscoggin County,ME,NA,NA,NA,NA,1372,1496,9,NA
557,Hardin County,KY,NA,NA,NA,1153,1358,1447,7,NA
558,Terrebonne Parish,LA,NA,NA,NA,1155,1340,1322,-1,NA
559,La Salle County,IL,NA,NA,NA,NA,NA,1072,NA,NA
560,Craighead County,AR,980,1012,1087,1150,1211,1255,4,28
561,Cowlitz County,WA,NA,NA,NA,1451,1492,1488,-0,NA
562,Warren County,NJ,1332,1403,1558,1720,1870,1955,5,47
563,Hanover County,VA,NA,NA,1624,1865,1981,2078,5,NA
564,Eaton County,MI,NA,NA,NA,1426,1486,1578,6,NA
565,Saint Lawrence County,NY,NA,NA,NA,NA,NA,1146,NA,NA
566,Pennington County,SD,903,925,1035,1245,1229,1288,5,43
567,Madison County,MS,1240,1249,1474,1539,1597,1637,3,32
568,Kankakee County,IL,NA,NA,1013,1109,1167,1279,10,NA
569,Bartow County,GA,1225,1271,1511,1754,1794,1871,4,53
570,Miami County,OH,1001,1040,1160,1261,1343,1439,7,44
571,Bradley County,TN,NA,NA,1173,1348,1389,1433,3,NA
572,Yamhill County,OR,1499,1550,1748,1940,1977,2125,7,42
573,Cass County,MO,1325,1379,1508,1645,1725,1830,6,38
574,Matanuska Susitna Borough,AK,NA,NA,NA,NA,1653,1787,8,NA
575,Navajo County,AZ,NA,NA,NA,NA,NA,1732,NA,NA
576,Vigo County,IN,NA,NA,769,817,854,919,8,NA
577,Houston County,AL,NA,NA,NA,NA,1462,1571,7,NA
578,Walworth County,WI,NA,NA,NA,1228,1358,1498,10,NA
579,Carver County,MN,1583,1624,1721,1866,1951,2009,3,27
580,Monongalia County,WV,1024,1048,1086,1166,1207,1248,3,22
581,Tompkins County,NY,1333,1399,1446,1687,1805,1907,6,43
582,Sumter County,SC,987,1044,1132,1263,1370,1442,5,46
583,Rockwall County,TX,1695,1738,1935,2153,2184,2175,-0,28
584,Eau Claire County,WI,NA,NA,NA,982,1066,1108,4,NA
585,Platte County,MO,1176,1210,1321,1431,1521,1588,4,35
586,Woodbury County,IA,NA,NA,NA,NA,1131,1200,6,NA
587,Macon County,IL,NA,NA,NA,NA,1042,1138,9,NA
587,Franklin County,MO,NA,NA,NA,NA,NA,1100,NA,NA
589,Bay County,MI,NA,NA,NA,1156,1149,1232,7,NA
590,Fond du Lac County,WI,NA,NA,NA,847,915,984,8,NA
591,Adams County,PA,NA,NA,NA,NA,1146,1240,8,NA
592,Etowah County,AL,NA,NA,NA,NA,NA,1074,NA,NA
593,Flathead County,MT,NA,NA,NA,2042,2077,2130,3,NA
594,Cecil County,MD,NA,NA,1420,1606,1658,1752,6,NA
595,Wicomico County,MD,1117,1181,1301,1456,1491,1623,9,45
596,Whitfield County,GA,NA,NA,NA,NA,NA,1467,NA,NA
597,Daviess County,KY,NA,NA,NA,NA,NA,1109,NA,NA
598,Allen County,OH,NA,NA,NA,NA,NA,1050,NA,NA
600,Nevada County,CA,NA,NA,NA,2427,2552,2662,4,NA
601,Limestone County,AL,NA,NA,1489,1575,1672,1767,6,NA
602,Craven County,NC,NA,NA,1163,1347,1399,1462,5,NA
603,Highlands County,FL,945,1000,1166,1367,1478,1535,4,62
604,DeKalb County,IL,1063,1121,1171,1272,1340,1420,6,34
605,Laramie County,WY,918,958,1035,1115,1156,1211,5,32
606,Garland County,AR,NA,NA,NA,1018,1074,1163,8,NA
607,Roanoke City,VA,879,893,993,1167,1239,1318,6,50
609,Montgomery County,VA,1277,1353,1468,1553,1725,1816,5,42
610,Sutter County,CA,NA,NA,NA,1924,1975,2126,8,NA
611,Maury County,TN,1379,1408,1591,1825,1892,1907,1,38
612,Cleveland County,NC,NA,NA,NA,NA,1246,1323,6,NA
613,Hunt County,TX,1148,1182,1311,1483,1513,1595,5,39
614,Dubuque County,IA,686,718,760,809,871,934,7,36
615,Moore County,NC,1354,1427,1611,1834,1877,1963,5,45
616,Madison County,TN,NA,NA,NA,1111,1214,1354,12,NA
617,Floyd County,GA,NA,NA,NA,1186,1243,1328,7,NA
618,Story County,IA,966,956,1006,1052,1083,1145,6,19
619,Sevier County,TN,NA,NA,NA,NA,1638,1808,10,NA
620,Putnam County,NY,NA,NA,NA,NA,2857,3011,5,NA
621,Burleigh County,ND,NA,NA,NA,NA,1350,1441,7,NA
622,Grant County,WA,1064,1153,1301,1438,1569,1663,6,56
624,Lafourche Parish,LA,NA,NA,NA,NA,NA,1385,NA,NA
625,Portsmouth City,VA,998,1040,1142,1276,1369,1439,5,44
626,Marshall County,AL,NA,NA,NA,NA,NA,1775,NA,NA
627,Fairbanks North Star Borough,AK,NA,NA,1419,1532,1581,1660,5,NA
628,Dallas County,IA,1260,1269,1318,1434,1491,1539,3,22
629,Roanoke County,VA,NA,NA,NA,1421,1517,1583,4,NA
630,Sherburne County,MN,NA,NA,NA,NA,1567,1682,7,NA
631,Cape May County,NJ,NA,NA,NA,NA,NA,1939,NA,NA
632,Walton County,GA,NA,NA,NA,1880,1975,2119,7,NA
633,Geauga County,OH,NA,NA,NA,NA,NA,2027,NA,NA
634,Franklin County,WA,1229,1273,1455,1617,1725,1783,3,45
635,Bastrop County,TX,NA,NA,NA,1732,1809,1853,2,NA
636,Benton County,OR,1290,1303,1383,1571,1696,1803,6,40
637,Lancaster County,SC,NA,NA,1377,1650,1665,1710,3,NA
638,Rogers County,OK,974,1018,1129,1243,1290,1348,4,38
639,Nash County,NC,NA,NA,NA,1139,1279,1419,11,NA
640,Cabell County,WV,727,753,782,852,896,938,5,29
641,Grand Traverse County,MI,NA,NA,NA,1835,2015,2080,3,NA
642,Steuben County,NY,NA,NA,NA,NA,1293,1280,-1,NA
643,Lauderdale County,AL,NA,NA,NA,NA,1164,1225,5,NA
644,Pottawattamie County,IA,NA,NA,NA,1107,1194,1291,8,NA
645,Suffolk City,VA,NA,NA,NA,1629,1706,1800,6,NA
647,Rockdale County,GA,1192,1284,1502,1687,1743,1804,3,51
648,Bowie County,TX,NA,NA,NA,NA,1002,1099,10,NA
649,Campbell County,KY,993,1070,1126,1261,1346,1434,7,44
650,Saint Croix County,WI,NA,NA,NA,1610,1646,1747,6,NA
651,Calvert County,MD,NA,NA,NA,NA,2120,2400,13,NA
652,Madison County,KY,749,768,812,903,966,1027,6,37
653,Northumberland County,PA,NA,NA,NA,NA,NA,933,NA,NA
654,Mendocino County,CA,NA,NA,NA,NA,1672,1746,4,NA
655,Wayne County,NY,NA,NA,NA,NA,NA,1097,NA,NA
656,Victoria County,TX,NA,NA,NA,971,983,1004,2,NA
657,Grafton County,NH,NA,NA,NA,NA,1915,2105,10,NA
658,Ozaukee County,WI,NA,NA,NA,1340,1403,1503,7,NA
659,Rockingham County,NC,NA,NA,NA,NA,NA,907,NA,NA
660,Saint Clair County,AL,1269,1333,1411,1510,1596,1655,4,30
661,Frederick County,VA,NA,NA,1634,1811,1925,2064,7,NA
662,Liberty County,TX,NA,NA,NA,NA,NA,1577,NA,NA
664,Dodge County,WI,NA,NA,NA,NA,NA,948,NA,NA
665,Twin Falls County,ID,NA,NA,NA,1430,1488,1580,6,NA
667,Nassau County,FL,1438,1491,1760,1983,2105,2181,4,52
670,Christian County,MO,NA,NA,1201,1378,1424,1478,4,NA
671,Josephine County,OR,NA,NA,NA,NA,1371,1422,4,NA
672,Elmore County,AL,NA,NA,NA,1213,1277,1347,5,NA
673,Cullman County,AL,NA,NA,NA,NA,NA,1617,NA,NA
674,Dougherty County,GA,587,615,716,798,835,890,7,52
675,Angelina County,TX,NA,NA,NA,NA,1179,1246,6,NA
676,Bannock County,ID,NA,NA,NA,1014,1045,1105,6,NA
677,Polk County,OR,NA,NA,1465,1660,1721,1791,4,NA
678,Muskingum County,OH,NA,NA,NA,NA,934,956,2,NA
679,Lawrence County,PA,NA,NA,NA,NA,783,843,8,NA
680,Island County,WA,1348,1420,1564,1701,1831,1914,5,42
681,Lincoln County,NC,NA,NA,NA,1707,1773,1848,4,NA
682,Buchanan County,MO,NA,NA,NA,786,876,951,9,NA
683,Newport County,RI,1762,1841,2237,2530,2788,2833,2,61
684,Orange County,TX,NA,NA,NA,984,1020,1128,11,NA
685,Orangeburg County,SC,NA,NA,NA,NA,NA,1052,NA,NA
686,Jefferson County,WI,NA,NA,NA,1077,1150,1255,9,NA
687,Wood County,WV,NA,NA,NA,NA,829,847,2,NA
688,Crawford County,PA,NA,NA,NA,NA,NA,907,NA,NA
689,Chemung County,NY,NA,NA,NA,NA,NA,994,NA,NA
690,Glynn County,GA,NA,NA,NA,1611,1662,1716,3,NA
691,Cascade County,MT,814,850,979,1107,1165,1258,8,55
692,Indiana County,PA,NA,NA,NA,NA,NA,985,NA,NA
693,Midland County,MI,NA,NA,NA,1302,1342,1441,7,NA
694,Lee County,MS,NA,NA,NA,NA,1004,1079,7,NA
695,Howard County,IN,624,638,692,784,845,993,18,59
696,Rockingham County,VA,NA,NA,1364,1517,1667,1774,6,NA
697,Saint Landry Parish,LA,NA,NA,NA,NA,NA,1225,NA,NA
698,Monroe County,FL,2356,2514,2926,3398,3529,3654,4,55
699,Barrow County,GA,1344,1438,1646,1857,1969,2099,7,56
700,Talladega County,AL,NA,NA,NA,NA,1048,1095,4,NA
701,Payne County,OK,NA,NA,1078,1197,1252,1308,4,NA
702,Henderson County,TX,NA,NA,NA,NA,1375,1401,2,NA
703,Bartholomew County,IN,1118,1118,1219,1341,1393,1496,7,34
704,Bullitt County,KY,NA,NA,NA,1438,1556,1600,3,NA
705,Coryell County,TX,821,870,991,1124,1210,1203,-1,47
706,Leavenworth County,KS,985,996,1075,1158,1244,1303,5,32
707,Lewis County,WA,NA,NA,NA,NA,1343,1374,2,NA
708,Manitowoc County,WI,NA,NA,NA,NA,NA,1006,NA,NA
709,Cape Girardeau County,MO,NA,NA,NA,NA,867,914,5,NA
711,Clearfield County,PA,NA,NA,NA,NA,NA,1044,NA,NA
712,Wagoner County,OK,NA,NA,NA,1560,1641,1686,3,NA
713,Yuba County,CA,NA,NA,NA,NA,1863,1952,5,NA
714,Kosciusko County,IN,NA,NA,NA,NA,1006,1014,1,NA
716,Bulloch County,GA,NA,NA,NA,1159,1309,1446,10,NA
717,Umatilla County,OR,NA,NA,NA,NA,1309,1431,9,NA
718,Natrona County,WY,1032,1032,1093,1193,1291,1351,5,31
719,Floyd County,IN,NA,NA,NA,NA,1362,1549,14,NA
720,Bedford County,VA,NA,NA,NA,NA,NA,1440,NA,NA
721,Putnam County,TN,NA,NA,NA,1432,1529,1590,4,NA
722,Clinton County,MI,NA,NA,NA,NA,NA,1949,NA,NA
723,Lynchburg City,VA,836,885,969,1163,1233,1269,3,52
724,Wilson County,NC,NA,NA,NA,NA,1097,1189,8,NA
725,Hancock County,IN,1315,1375,1478,1608,1703,1791,5,36
726,Chelan County,WA,NA,NA,1465,1648,1658,1766,7,NA
727,Sullivan County,NY,NA,NA,NA,NA,1589,1733,9,NA
728,Oconee County,SC,NA,NA,NA,NA,1423,1580,11,NA
729,James City County,VA,1490,1523,1651,1902,2044,2137,5,43
730,Forrest County,MS,NA,NA,NA,963,1009,1062,5,NA
731,Cole County,MO,NA,NA,NA,NA,1063,1204,13,NA
732,Cattaraugus County,NY,NA,NA,NA,NA,NA,859,NA,NA
734,Augusta County,VA,NA,NA,NA,NA,NA,1591,NA,NA
735,White County,AR,NA,NA,NA,NA,NA,887,NA,NA
736,Clallam County,WA,NA,NA,NA,NA,1758,1871,6,NA
737,Anderson County,TN,NA,NA,NA,NA,1583,1635,3,NA
738,Cayuga County,NY,NA,NA,NA,NA,NA,1250,NA,NA
739,Walker County,TX,NA,NA,NA,NA,1267,1341,6,NA
740,Cheshire County,NH,NA,NA,NA,1565,1673,1777,6,NA
742,Valencia County,NM,NA,NA,NA,1766,1833,1949,6,NA
743,Erie County,OH,NA,NA,NA,NA,NA,1250,NA,NA
744,Van Buren County,MI,NA,NA,NA,NA,NA,1210,NA,NA
745,Hancock County,OH,NA,NA,NA,NA,NA,1357,NA,NA
746,Chatham County,NC,NA,NA,NA,2002,2090,2163,3,NA
747,Vermilion County,IL,NA,NA,NA,723,748,896,20,NA
748,Raleigh County,WV,NA,NA,NA,NA,NA,1015,NA,NA
749,Grays Harbor County,WA,NA,NA,NA,1282,1369,1440,5,NA
751,Somerset County,PA,NA,NA,NA,NA,NA,795,NA,NA
753,Wood County,WI,NA,NA,NA,NA,NA,822,NA,NA
754,Jackson County,GA,NA,NA,1531,1819,1923,1970,2,NA
755,Lonoke County,AR,972,1000,1104,1235,1289,1358,5,40
756,Lauderdale County,MS,NA,NA,NA,NA,NA,1230,NA,NA
757,Walton County,FL,1535,1567,2048,2221,2209,2184,-1,42
758,Kauai County,HI,NA,NA,NA,NA,NA,4033,NA,NA
759,Putnam County,FL,NA,NA,NA,NA,NA,1364,NA,NA
760,Grand Forks County,ND,885,898,927,972,1022,1081,6,22
761,McKinley County,NM,NA,NA,NA,NA,NA,1600,NA,NA
762,Lea County,NM,NA,NA,NA,NA,1179,1232,4,NA
763,Riley County,KS,1145,1142,1168,1236,1277,1351,6,18
764,Fauquier County,VA,NA,NA,NA,NA,1992,2089,5,NA
765,Christian County,KY,756,814,944,1049,1075,1147,7,52
766,Broomfield County,CO,1804,1799,1989,2187,2237,2290,2,27
767,Pottawatomie County,OK,NA,NA,NA,NA,987,1014,3,NA
768,Robertson County,TN,NA,NA,NA,1707,1810,1844,2,NA
769,Creek County,OK,NA,NA,NA,NA,1154,1225,6,NA
770,York County,VA,1502,1523,1732,1840,1985,2079,5,38
774,Tooele County,UT,NA,NA,NA,NA,2150,2219,3,NA
775,Franklin County,MA,NA,NA,NA,NA,NA,1689,NA,NA
776,Iberia Parish,LA,NA,NA,NA,NA,1139,1212,6,NA
777,Portage County,WI,NA,NA,NA,983,1057,1147,9,NA
778,Lewis and Clark County,MT,NA,NA,NA,NA,1293,1413,9,NA
779,Greene County,TN,NA,NA,NA,NA,NA,1073,NA,NA
780,Boone County,IN,1350,1379,1544,1726,1748,1854,6,37
781,Ward County,ND,NA,NA,847,886,957,981,3,NA
782,Troup County,GA,NA,NA,NA,1219,1271,1330,5,NA
783,Greenwood County,SC,NA,NA,NA,NA,NA,1098,NA,NA
784,Columbia County,FL,NA,NA,NA,NA,1289,1399,9,NA
785,Klamath County,OR,NA,NA,NA,NA,1168,1203,3,NA
786,Allegany County,MD,NA,NA,NA,NA,833,914,10,NA
787,Harrison County,TX,NA,NA,NA,NA,1123,1215,8,NA
788,Blue Earth County,MN,NA,NA,NA,NA,1081,1193,10,NA
789,San Patricio County,TX,NA,NA,NA,1424,1479,1593,8,NA
790,Madison County,NY,NA,NA,NA,NA,NA,1282,NA,NA
791,Shiawassee County,MI,NA,NA,NA,NA,NA,918,NA,NA
792,Jefferson County,AR,NA,NA,NA,NA,NA,842,NA,NA
794,Wise County,TX,NA,NA,NA,NA,2022,2048,1,NA
795,Carteret County,NC,NA,NA,NA,1838,2022,2245,11,NA
796,Walker County,GA,NA,NA,NA,NA,1343,1441,7,NA
797,Lake County,CA,NA,NA,NA,1447,1503,1616,8,NA
799,Franklin County,NC,NA,NA,NA,1750,1862,1944,4,NA
800,Oldham County,KY,NA,NA,NA,NA,NA,1826,NA,NA
801,Catoosa County,GA,NA,NA,NA,NA,1334,1433,7,NA
802,Butler County,KS,NA,NA,NA,938,1010,1038,3,NA
803,McCracken County,KY,NA,NA,NA,NA,NA,1042,NA,NA
805,Otero County,NM,NA,NA,NA,1222,1272,1346,6,NA
807,Williamson County,IL,NA,NA,NA,846,903,982,9,NA
808,Laurens County,SC,NA,NA,NA,NA,1058,1141,8,NA
809,Belmont County,OH,NA,NA,NA,NA,NA,792,NA,NA
811,Muskogee County,OK,NA,NA,NA,NA,743,780,5,NA
812,Grant County,IN,NA,NA,NA,NA,NA,858,NA,NA
813,Rice County,MN,NA,NA,NA,NA,NA,1431,NA,NA
814,Spalding County,GA,NA,NA,NA,1258,1345,1397,4,NA
815,Wayne County,IN,NA,NA,NA,NA,NA,908,NA,NA
816,Ionia County,MI,NA,NA,NA,NA,NA,1366,NA,NA
819,Marquette County,MI,NA,NA,NA,NA,NA,1419,NA,NA
821,Harrison County,WV,NA,NA,NA,818,864,919,6,NA
823,Crow Wing County,MN,NA,NA,NA,NA,NA,1100,NA,NA
824,Adams County,IL,NA,NA,NA,NA,NA,969,NA,NA
825,Chippewa County,WI,NA,NA,NA,NA,NA,1265,NA,NA
826,Isabella County,MI,NA,NA,NA,NA,962,1066,11,NA
827,Warren County,NY,NA,NA,NA,NA,NA,1225,NA,NA
829,Marion County,OH,NA,NA,NA,NA,NA,1171,NA,NA
830,Jefferson County,OH,NA,NA,NA,NA,723,782,8,NA
831,Tehama County,CA,NA,NA,NA,NA,1425,1493,5,NA
832,Sauk County,WI,NA,NA,NA,NA,NA,1025,NA,NA
833,Walker County,AL,NA,NA,NA,NA,1326,1429,8,NA
834,Clay County,MN,NA,NA,NA,NA,1364,1434,5,NA
835,Chaves County,NM,NA,NA,NA,1212,1250,1369,10,NA
836,Columbia County,PA,NA,NA,NA,NA,NA,996,NA,NA
837,Kershaw County,SC,NA,NA,NA,NA,1715,1772,3,NA
838,Mason County,WA,NA,NA,NA,NA,NA,1999,NA,NA
839,Nacogdoches County,TX,NA,NA,NA,NA,NA,1024,NA,NA
840,Carbon County,PA,NA,NA,NA,NA,1067,1172,10,NA
841,Salem County,NJ,NA,NA,NA,NA,NA,1560,NA,NA
843,Coos County,OR,NA,NA,NA,NA,NA,1453,NA,NA
844,Rutherford County,NC,NA,NA,NA,NA,NA,1310,NA,NA
845,Liberty County,GA,1033,1075,1261,1476,1550,1726,11,67
846,Hamblen County,TN,NA,NA,NA,NA,NA,1269,NA,NA
847,Lamar County,MS,NA,NA,NA,1272,1381,1399,1,NA
848,Warrick County,IN,NA,NA,NA,NA,1408,1565,11,NA
849,Belknap County,NH,NA,NA,NA,NA,NA,1948,NA,NA
850,Effingham County,GA,NA,NA,NA,1736,1949,2070,6,NA
851,Darlington County,SC,NA,NA,NA,NA,NA,1222,NA,NA
852,San Benito County,CA,NA,NA,NA,NA,3059,3240,6,NA
853,Lincoln County,SD,942,958,1045,1200,1249,1251,0,33
854,Pope County,AR,NA,NA,NA,NA,NA,895,NA,NA
855,Georgetown County,SC,NA,NA,NA,NA,NA,2081,NA,NA
856,Athens County,OH,NA,NA,NA,NA,959,1056,10,NA
857,Lee County,NC,NA,NA,NA,NA,1560,1718,10,NA
858,Garfield County,OK,NA,NA,NA,991,1007,1051,4,NA
859,Hall County,NE,NA,NA,NA,NA,NA,1232,NA,NA
861,Livingston County,NY,NA,NA,NA,NA,NA,1673,NA,NA
862,Walla Walla County,WA,NA,NA,NA,1461,1523,1583,4,NA
863,Stanly County,NC,NA,NA,NA,NA,NA,1579,NA,NA
865,Reno County,KS,597,619,645,704,744,785,6,31
866,Barry County,MI,NA,NA,NA,NA,NA,1650,NA,NA
867,Union County,OH,NA,NA,NA,1653,1721,1831,6,NA
868,Haywood County,NC,NA,NA,NA,NA,NA,1760,NA,NA
869,Columbia County,NY,NA,NA,NA,1858,1980,2268,15,NA
871,Garfield County,CO,NA,NA,NA,NA,2488,2812,13,NA
872,Eddy County,NM,NA,NA,NA,NA,NA,1756,NA,NA
873,Tipton County,TN,NA,NA,NA,NA,NA,1792,NA,NA
874,Crawford County,AR,NA,NA,NA,NA,970,1033,6,NA
875,Granville County,NC,NA,NA,NA,NA,NA,1933,NA,NA
880,Cumberland County,TN,NA,NA,NA,NA,NA,1646,NA,NA
881,Hood County,TX,1259,1294,1423,1581,1667,1780,7,41
882,Bradford County,PA,NA,NA,NA,NA,NA,1014,NA,NA
883,Pender County,NC,NA,NA,NA,1918,2025,2078,3,NA
884,Washington County,OH,NA,NA,NA,NA,NA,1325,NA,NA
885,Mercer County,WV,NA,NA,NA,NA,753,916,22,NA
886,Otter Tail County,MN,NA,NA,NA,NA,NA,947,NA,NA
887,Washington County,VT,NA,NA,NA,NA,NA,1418,NA,NA
890,Otsego County,NY,NA,NA,NA,NA,NA,1577,NA,NA
893,Lowndes County,MS,NA,NA,NA,NA,NA,1334,NA,NA
895,Van Zandt County,TX,NA,NA,NA,NA,NA,1325,NA,NA
896,Kenai Peninsula Borough,AK,NA,NA,NA,NA,NA,1786,NA,NA
897,Russell County,AL,NA,NA,NA,NA,1432,1553,8,NA
899,Newton County,MO,NA,NA,NA,NA,NA,1100,NA,NA
900,Huron County,OH,NA,NA,NA,NA,NA,1756,NA,NA
901,Pickaway County,OH,NA,NA,NA,NA,1439,1638,14,NA
903,Pike County,PA,NA,NA,NA,NA,NA,1972,NA,NA
904,Autauga County,AL,NA,NA,NA,1497,1618,1706,5,NA
905,Columbia County,WI,NA,NA,NA,NA,NA,1050,NA,NA
907,Anderson County,TX,NA,NA,NA,NA,NA,1056,NA,NA
908,Lyon County,NV,NA,NA,1636,1726,1810,1868,3,NA
909,Carson City,NV,NA,NA,NA,NA,1843,1926,5,NA
910,Oxford County,ME,NA,NA,NA,NA,NA,950,NA,NA
911,Vermilion Parish,LA,NA,NA,NA,NA,NA,1700,NA,NA
912,Maverick County,TX,NA,NA,NA,NA,NA,1588,NA,NA
913,Jefferson County,WV,NA,NA,NA,NA,1519,1699,12,NA
914,Windsor County,VT,NA,NA,NA,NA,NA,1725,NA,NA
915,Putnam County,WV,NA,NA,NA,NA,NA,1206,NA,NA
916,Coffee County,TN,NA,NA,NA,NA,1336,1465,10,NA
918,Box Elder County,UT,NA,NA,NA,NA,NA,1488,NA,NA
920,Chisago County,MN,NA,NA,NA,NA,NA,1590,NA,NA
921,Carter County,TN,NA,NA,NA,NA,NA,969,NA,NA
922,Scott County,KY,NA,NA,NA,1356,1427,1544,8,NA
923,Marion County,WV,NA,NA,NA,NA,NA,1060,NA,NA
924,Cherokee County,SC,NA,NA,NA,NA,1088,1099,1,NA
925,Hardin County,TX,NA,NA,NA,NA,NA,1686,NA,NA
926,Colbert County,AL,NA,NA,NA,NA,905,972,7,NA
929,Taney County,MO,NA,NA,NA,NA,1134,1231,9,NA
930,Iron County,UT,NA,NA,NA,1424,1454,1503,3,NA
931,Lafayette County,MS,NA,NA,NA,NA,NA,1950,NA,NA
932,Eagle County,CO,NA,NA,NA,NA,3907,4391,12,NA
933,La Plata County,CO,NA,NA,1626,1839,1917,1976,3,NA
934,Campbell County,VA,NA,NA,NA,NA,NA,1362,NA,NA
935,Waller County,TX,NA,NA,NA,NA,1895,2008,6,NA
936,Hancock County,ME,NA,NA,NA,NA,NA,2400,NA,NA
938,Tuolumne County,CA,NA,NA,NA,NA,NA,1866,NA,NA
940,Seneca County,OH,NA,NA,NA,NA,NA,1000,NA,NA
942,Grady County,OK,NA,NA,NA,NA,NA,1106,NA,NA
944,Saline County,KS,NA,NA,NA,NA,975,1071,10,NA
946,Loudon County,TN,NA,NA,NA,NA,2030,2147,6,NA
947,Camden County,GA,NA,NA,NA,1410,1481,1565,6,NA
948,Watauga County,NC,NA,NA,NA,NA,NA,2473,NA,NA
949,Washington County,VA,NA,NA,NA,NA,NA,1300,NA,NA
951,Johnson County,MO,711,729,794,845,902,973,8,37
952,Jackson County,IL,NA,NA,NA,NA,648,679,5,NA
953,Boone County,IL,NA,NA,NA,NA,NA,1728,NA,NA
954,Fulton County,NY,NA,NA,NA,NA,NA,950,NA,NA
955,Pulaski County,MO,NA,NA,NA,NA,954,1025,7,NA
956,Elko County,NV,NA,NA,NA,NA,NA,1576,NA,NA
957,Roane County,TN,NA,NA,NA,NA,NA,1405,NA,NA
959,Gila County,AZ,NA,NA,NA,NA,NA,1641,NA,NA
960,McMinn County,TN,NA,NA,NA,NA,NA,1010,NA,NA
961,Coffee County,AL,862,914,1015,1176,1253,1273,2,48
962,Jessamine County,KY,NA,NA,1039,1206,1335,1496,12,NA
965,Rusk County,TX,NA,NA,NA,NA,NA,1075,NA,NA
966,Kerr County,TX,NA,NA,NA,NA,1740,1749,1,NA
967,Washington County,OK,NA,NA,NA,NA,1275,1358,7,NA
968,Columbia County,OR,NA,NA,NA,NA,1917,1932,1,NA
969,Grundy County,IL,NA,NA,NA,NA,1329,1417,7,NA
970,Saint Charles Parish,LA,NA,NA,NA,NA,1476,1554,5,NA
971,Worcester County,MD,NA,NA,NA,NA,NA,1998,NA,NA
974,Hoke County,NC,NA,NA,NA,1541,1602,1687,5,NA
975,Calumet County,WI,NA,NA,NA,NA,NA,1155,NA,NA
976,Harrisonburg City,VA,NA,NA,NA,NA,1480,1569,6,NA
978,Navarro County,TX,NA,NA,NA,1154,1182,1245,5,NA
979,Warren County,IA,NA,NA,NA,NA,1066,1115,5,NA
981,Ogle County,IL,NA,NA,NA,NA,NA,980,NA,NA
982,Waupaca County,WI,NA,NA,NA,NA,NA,1070,NA,NA
985,Oktibbeha County,MS,NA,NA,NA,NA,NA,1365,NA,NA
986,Franklin County,KY,824,871,967,1059,1122,1171,4,42
990,Madison County,ID,NA,NA,890,1065,1091,1111,2,NA
991,Venango County,PA,NA,NA,NA,NA,NA,898,NA,NA
992,Bristol County,RI,1431,1525,1740,1987,2133,2286,7,60
996,Somerset County,ME,NA,NA,NA,NA,NA,1025,NA,NA
999,Nye County,NV,NA,NA,NA,NA,1300,1439,11,NA
1000,Carroll County,NH,NA,NA,NA,NA,NA,1875,NA,NA
1001,Lamar County,TX,NA,NA,NA,NA,NA,1174,NA,NA
1002,Winona County,MN,NA,NA,NA,836,862,987,15,NA
1003,Lincoln County,OR,NA,NA,NA,NA,NA,1965,NA,NA
1004,Buffalo County,NE,NA,NA,NA,NA,NA,1599,NA,NA
1005,Duplin County,NC,NA,NA,NA,NA,NA,1200,NA,NA
1009,Queen Annes County,MD,NA,NA,NA,NA,NA,2350,NA,NA
1010,Newaygo County,MI,NA,NA,NA,NA,NA,1200,NA,NA
1011,Edgecombe County,NC,NA,NA,NA,NA,1078,1188,10,NA
1012,Montgomery County,NY,NA,NA,NA,NA,NA,1288,NA,NA
1013,Dale County,AL,NA,NA,NA,NA,1208,1363,13,NA
1015,Wilson County,TX,NA,NA,NA,NA,NA,1402,NA,NA
1016,Polk County,TX,NA,NA,NA,NA,NA,1458,NA,NA
1018,Laurens County,GA,NA,NA,NA,NA,NA,1005,NA,NA
1019,Douglas County,NV,NA,NA,NA,NA,2346,2432,4,NA
1020,Vernon Parish,LA,NA,NA,NA,NA,1348,1380,2,NA
1021,Fremont County,CO,NA,NA,NA,NA,1317,1376,4,NA
1022,Logan County,OK,NA,NA,NA,1258,1393,1403,1,NA
1023,Henry County,IN,NA,NA,NA,NA,NA,873,NA,NA
1024,Curry County,NM,NA,NA,NA,1032,1077,1152,7,NA
1028,Burnet County,TX,NA,NA,NA,NA,1642,1740,6,NA
1029,Lincoln Parish,LA,NA,NA,1003,1089,1128,1162,3,NA
1032,Whitman County,WA,NA,NA,NA,NA,1223,1269,4,NA
1033,Carter County,OK,NA,NA,NA,NA,NA,1258,NA,NA
1034,Jackson County,FL,NA,NA,NA,NA,NA,1038,NA,NA
1036,Greene County,NY,NA,NA,NA,NA,1528,1735,14,NA
1038,Val Verde County,TX,NA,NA,NA,NA,NA,1556,NA,NA
1041,Coles County,IL,NA,NA,NA,NA,NA,785,NA,NA
1042,Bingham County,ID,NA,NA,NA,NA,1046,1079,3,NA
1044,Goodhue County,MN,NA,NA,NA,NA,NA,1141,NA,NA
1045,Santa Cruz County,AZ,NA,NA,NA,NA,NA,1600,NA,NA
1048,Cherokee County,OK,NA,NA,NA,NA,NA,896,NA,NA
1050,Cortland County,NY,NA,NA,NA,NA,1225,1386,13,NA
1051,Campbell County,WY,NA,NA,NA,NA,1107,1163,5,NA
1054,Charlottesville City,VA,1350,1426,1513,1652,1770,1918,8,42
1055,Clinton County,IA,NA,NA,NA,NA,NA,925,NA,NA
1056,Barron County,WI,NA,NA,NA,NA,NA,1266,NA,NA
1057,Bonner County,ID,NA,NA,NA,2009,1970,2042,4,NA
1063,Monroe County,WI,NA,NA,NA,NA,NA,1014,NA,NA
1065,Monroe County,TN,NA,NA,NA,NA,NA,2325,NA,NA
1066,Beltrami County,MN,NA,NA,NA,NA,NA,1129,NA,NA
1069,Hancock County,MS,NA,NA,NA,NA,NA,1488,NA,NA
1070,Perry County,PA,NA,NA,NA,NA,NA,1090,NA,NA
1072,Bryan County,OK,NA,NA,NA,NA,NA,1650,NA,NA
1077,Thomas County,GA,NA,NA,NA,NA,NA,1533,NA,NA
1078,Greene County,AR,NA,NA,NA,NA,NA,998,NA,NA
1082,Calaveras County,CA,NA,NA,NA,NA,NA,2099,NA,NA
1083,Caldwell County,TX,NA,NA,NA,NA,1661,1689,2,NA
1084,Chambers County,TX,NA,NA,NA,1952,2053,2088,2,NA
1085,Dunn County,WI,NA,NA,NA,NA,880,951,8,NA
1087,Warren County,MS,NA,NA,NA,NA,NA,850,NA,NA
1090,Chilton County,AL,NA,NA,NA,NA,1217,1271,4,NA
1091,Shelby County,IN,NA,NA,NA,NA,NA,1269,NA,NA
1092,Stephenson County,IL,NA,NA,NA,NA,NA,828,NA,NA
1095,Phelps County,MO,NA,NA,NA,NA,617,645,5,NA
1103,Callaway County,MO,NA,NA,NA,NA,NA,974,NA,NA
1106,Shenandoah County,VA,NA,NA,NA,NA,NA,1704,NA,NA
1109,Kittitas County,WA,NA,NA,NA,1762,1847,1894,3,NA
1110,Douglas County,WI,NA,NA,NA,981,1056,1202,14,NA
1115,Kendall County,TX,NA,NA,NA,1666,1723,1796,4,NA
1116,Pittsburg County,OK,NA,NA,NA,NA,NA,1067,NA,NA
1117,Saint Bernard Parish,LA,NA,NA,NA,NA,NA,1433,NA,NA
1118,Ravalli County,MT,NA,NA,NA,NA,NA,1890,NA,NA
1125,Bryan County,GA,1560,1604,1783,2037,2180,2354,8,51
1129,Sullivan County,NH,NA,NA,NA,NA,NA,1633,NA,NA
1131,De Kalb County,IN,NA,NA,NA,NA,NA,862,NA,NA
1132,Camden County,MO,NA,NA,NA,NA,NA,1691,NA,NA
1135,Jackson County,NC,NA,NA,NA,NA,NA,1373,NA,NA
1135,Stephens County,OK,NA,NA,NA,NA,NA,1019,NA,NA
1137,Pettis County,MO,NA,NA,NA,NA,NA,919,NA,NA
1138,Miller County,AR,NA,NA,NA,NA,NA,822,NA,NA
1139,Manassas City,VA,NA,NA,NA,2015,2026,2215,9,NA
1141,Polk County,GA,NA,NA,NA,NA,NA,1999,NA,NA
1142,Vance County,NC,NA,NA,NA,NA,NA,944,NA,NA
1143,Douglas County,WA,NA,NA,NA,NA,NA,2209,NA,NA
1144,Ohio County,WV,NA,NA,NA,NA,801,828,3,NA
1145,Danville City,VA,NA,NA,NA,NA,NA,1043,NA,NA
1146,Davie County,NC,NA,NA,NA,NA,NA,2180,NA,NA
1147,Franklin County,TN,NA,NA,NA,NA,NA,1317,NA,NA
1148,Sweetwater County,WY,NA,NA,926,1046,1118,1185,6,NA
1149,Saint John the Baptist Parish,LA,NA,NA,NA,NA,NA,1550,NA,NA
1152,Montrose County,CO,NA,NA,NA,NA,1794,1929,8,NA
1154,Erath County,TX,NA,NA,NA,NA,1102,1167,6,NA
1155,Prince George County,VA,NA,NA,NA,NA,NA,1250,NA,NA
1156,Pierce County,WI,NA,NA,NA,NA,NA,1454,NA,NA
1157,Summit County,UT,NA,NA,NA,NA,3576,3767,5,NA
1161,Okanogan County,WA,NA,NA,NA,NA,NA,825,NA,NA
1166,Wharton County,TX,NA,NA,NA,NA,NA,1683,NA,NA
1167,Fayette County,TN,NA,NA,NA,NA,2106,2188,4,NA
1172,McClain County,OK,NA,NA,NA,NA,1692,1736,3,NA
1174,Benton County,MN,NA,NA,NA,NA,NA,1013,NA,NA
1178,Oconee County,GA,NA,NA,NA,1793,1984,2044,3,NA
1180,Cheatham County,TN,NA,NA,NA,1659,1713,1775,4,NA
1181,Shawano County,WI,NA,NA,NA,NA,NA,645,NA,NA
1185,Clatsop County,OR,NA,NA,NA,NA,2130,2120,-0,NA
1190,Isanti County,MN,NA,NA,NA,NA,NA,1441,NA,NA
1192,Knox County,ME,NA,NA,NA,NA,NA,2294,NA,NA
1195,Warren County,VA,NA,NA,NA,1430,1508,1732,15,NA
1197,Pasquotank County,NC,NA,NA,NA,1358,1498,1611,8,NA
1200,Amador County,CA,NA,NA,NA,NA,NA,1764,NA,NA
1202,Mecosta County,MI,NA,NA,NA,NA,NA,969,NA,NA
1203,Mower County,MN,NA,NA,NA,640,703,799,14,NA
1205,Snyder County,PA,NA,NA,NA,NA,NA,1108,NA,NA
1206,Murray County,GA,NA,NA,NA,NA,NA,1075,NA,NA
1208,Okeechobee County,FL,NA,NA,NA,NA,NA,1450,NA,NA
1211,Waldo County,ME,NA,NA,NA,NA,NA,2000,NA,NA
1213,Latah County,ID,NA,NA,NA,NA,NA,1035,NA,NA
1215,Fremont County,WY,NA,NA,NA,NA,NA,1181,NA,NA
1223,Des Moines County,IA,NA,NA,NA,NA,NA,1100,NA,NA
1224,Crawford County,KS,NA,NA,NA,NA,839,904,8,NA
1229,Douglas County,MN,NA,NA,NA,NA,NA,929,NA,NA
1233,Gloucester County,VA,NA,NA,NA,NA,NA,1725,NA,NA
1237,Brown County,SD,NA,NA,NA,NA,NA,925,NA,NA
1238,Williams County,ND,NA,NA,842,908,1092,1244,14,NA
1242,Isle of Wight County,VA,NA,NA,NA,NA,NA,2216,NA,NA
1244,Graham County,AZ,NA,NA,NA,NA,NA,1525,NA,NA
1246,Pontotoc County,OK,NA,NA,NA,NA,933,981,5,NA
1249,Montgomery County,IN,NA,NA,NA,NA,NA,1011,NA,NA
1253,Clinton County,PA,NA,NA,NA,NA,784,853,9,NA
1257,Jasper County,IA,NA,NA,NA,NA,NA,942,NA,NA
1267,Steele County,MN,NA,NA,NA,NA,NA,1192,NA,NA
1270,Albany County,WY,NA,NA,NA,1095,1172,1269,8,NA
1272,Calloway County,KY,NA,NA,NA,NA,1084,1180,9,NA
1274,Dodge County,NE,NA,NA,NA,NA,NA,1110,NA,NA
1275,Bennington County,VT,NA,NA,NA,NA,NA,1338,NA,NA
1278,Webster County,IA,NA,NA,NA,NA,687,726,6,NA
1284,Dyer County,TN,NA,NA,NA,NA,NA,621,NA,NA
1290,Clark County,KY,NA,NA,NA,NA,NA,890,NA,NA
1291,Hopkins County,TX,NA,NA,NA,NA,NA,1150,NA,NA
1298,Sagadahoc County,ME,NA,NA,NA,NA,NA,1967,NA,NA
1300,Geary County,KS,730,756,799,844,870,925,6,27
1302,Beauregard Parish,LA,NA,NA,NA,NA,NA,1267,NA,NA
1304,Matagorda County,TX,NA,NA,NA,NA,NA,897,NA,NA
1312,Orange County,VA,NA,NA,NA,NA,NA,2244,NA,NA
1321,Washington County,TX,NA,NA,NA,NA,NA,1767,NA,NA
1322,Madison County,NE,NA,NA,NA,NA,861,959,11,NA
1324,Uintah County,UT,NA,NA,NA,NA,NA,1410,NA,NA
1325,Fannin County,TX,NA,NA,NA,NA,NA,1565,NA,NA
1331,Warren County,MO,NA,NA,NA,NA,NA,1012,NA,NA
1332,Silver Bow County,MT,NA,NA,NA,NA,1211,1358,12,NA
1336,Lincoln County,NE,NA,NA,NA,860,904,995,10,NA
1341,Clark County,WI,NA,NA,NA,NA,NA,738,NA,NA
1354,Brookings County,SD,NA,NA,NA,NA,1007,1074,7,NA
1355,Nicollet County,MN,NA,NA,NA,NA,NA,1125,NA,NA
1357,Halifax County,VA,NA,NA,NA,NA,NA,1410,NA,NA
1362,Wasatch County,UT,NA,NA,NA,NA,NA,2962,NA,NA
1365,Harvey County,KS,NA,NA,NA,NA,880,904,3,NA
1366,Miami County,KS,NA,NA,NA,NA,NA,1632,NA,NA
1370,Pulaski County,VA,NA,NA,NA,NA,NA,988,NA,NA
1375,Botetourt County,VA,NA,NA,NA,NA,NA,1709,NA,NA
1377,Marion County,IA,NA,NA,NA,NA,NA,962,NA,NA
1384,Petersburg City,VA,803,851,1002,1079,1094,1223,12,52
1386,Lumpkin County,GA,NA,NA,NA,NA,NA,2128,NA,NA
1388,Wakulla County,FL,NA,NA,NA,NA,NA,1687,NA,NA
1392,Clinton County,IN,NA,NA,NA,NA,NA,825,NA,NA
1395,Transylvania County,NC,NA,NA,NA,NA,NA,2136,NA,NA
1397,Weakley County,TN,NA,NA,NA,NA,NA,830,NA,NA
1398,Morton County,ND,NA,NA,NA,NA,NA,991,NA,NA
1400,Hale County,TX,NA,NA,NA,NA,NA,792,NA,NA
1405,Stark County,ND,NA,NA,NA,NA,938,1109,18,NA
1406,Jefferson County,WA,NA,NA,NA,NA,NA,2267,NA,NA
1407,Lee County,GA,NA,NA,NA,NA,NA,1467,NA,NA
1412,Lyon County,KS,NA,NA,NA,NA,NA,723,NA,NA
1416,Juneau Borough,AK,NA,NA,NA,NA,NA,2448,NA,NA
1424,Polk County,MO,NA,NA,NA,NA,NA,797,NA,NA
1425,Amherst County,VA,NA,NA,NA,NA,NA,1250,NA,NA
1429,Polk County,MN,NA,NA,NA,NA,NA,732,NA,NA
1437,Delta County,CO,NA,NA,NA,NA,NA,1200,NA,NA
1440,Summit County,CO,NA,NA,NA,NA,NA,3620,NA,NA
1442,Lake County,MT,NA,NA,NA,NA,NA,1650,NA,NA
1443,Stone County,MO,NA,NA,NA,NA,NA,1336,NA,NA
1448,Freeborn County,MN,NA,NA,NA,NA,NA,808,NA,NA
1449,Caroline County,VA,NA,NA,NA,NA,NA,2222,NA,NA
1452,Sheridan County,WY,NA,NA,NA,NA,NA,1683,NA,NA
1456,Iberville Parish,LA,NA,NA,NA,NA,NA,1850,NA,NA
1460,Boyle County,KY,NA,NA,NA,NA,NA,825,NA,NA
1461,Jefferson County,ID,NA,NA,NA,NA,NA,1308,NA,NA
1462,Caledonia County,VT,NA,NA,NA,NA,NA,2000,NA,NA
1464,Mecklenburg County,VA,NA,NA,NA,NA,NA,1436,NA,NA
1465,Giles County,TN,NA,NA,NA,NA,NA,1009,NA,NA
1475,Madison County,GA,NA,NA,NA,NA,NA,1795,NA,NA
1476,Meade County,KY,NA,NA,NA,NA,NA,1015,NA,NA
1480,Park County,WY,NA,NA,NA,NA,NA,1205,NA,NA
1482,Meade County,SD,NA,NA,NA,NA,NA,1759,NA,NA
1484,Hancock County,WV,NA,NA,NA,NA,NA,825,NA,NA
1511,Custer County,OK,NA,NA,NA,NA,NA,958,NA,NA
1517,Jasper County,SC,NA,NA,NA,NA,NA,1869,NA,NA
1518,Sanpete County,UT,NA,NA,NA,NA,NA,1250,NA,NA
1521,Elmore County,ID,NA,NA,NA,NA,1519,1598,5,NA
1529,Winchester City,VA,NA,NA,NA,1480,1581,1674,6,NA
1531,Grant County,NM,NA,NA,NA,NA,NA,862,NA,NA
1540,Fredericksburg City,VA,1423,1471,1728,1839,1845,2042,11,43
1551,McDonough County,IL,NA,NA,NA,NA,613,664,8,NA
1555,Currituck County,NC,NA,NA,NA,NA,NA,2650,NA,NA
1558,San Jacinto County,TX,NA,NA,NA,NA,NA,1613,NA,NA
1570,West Baton Rouge Parish,LA,NA,NA,NA,NA,NA,1400,NA,NA
1571,Woodford County,KY,NA,NA,NA,NA,NA,1304,NA,NA
1579,Gillespie County,TX,NA,NA,NA,NA,NA,2388,NA,NA
1586,Wasco County,OR,NA,NA,NA,NA,1627,1714,5,NA
1588,King George County,VA,NA,NA,NA,NA,NA,2150,NA,NA
1590,Cass County,NE,NA,NA,NA,NA,NA,975,NA,NA
1597,Union County,OR,NA,NA,NA,NA,NA,1297,NA,NA
1599,Dawson County,GA,NA,NA,NA,NA,2061,2194,6,NA
1611,Elbert County,CO,NA,NA,NA,NA,NA,2875,NA,NA
1619,Barton County,KS,NA,NA,NA,NA,NA,808,NA,NA
1633,Salem City,VA,NA,NA,NA,NA,1279,1318,3,NA
1637,Staunton City,VA,NA,NA,NA,NA,1158,1261,9,NA
1638,Pottawatomie County,KS,NA,NA,NA,NA,NA,1204,NA,NA
1641,Churchill County,NV,NA,NA,NA,NA,NA,1592,NA,NA
1643,Otsego County,MI,NA,NA,NA,NA,NA,1250,NA,NA
1648,Butts County,GA,NA,NA,NA,NA,NA,1460,NA,NA
1654,Routt County,CO,NA,NA,NA,NA,NA,3442,NA,NA
1659,Bremer County,IA,NA,NA,NA,NA,NA,1450,NA,NA
1668,Rowan County,KY,NA,NA,NA,NA,NA,975,NA,NA
1671,Teller County,CO,NA,NA,NA,1911,2013,2041,1,NA
1679,Crook County,OR,NA,NA,NA,NA,NA,1932,NA,NA
1679,Goochland County,VA,NA,NA,NA,NA,1795,1863,4,NA
1684,Jefferson County,OR,NA,NA,NA,NA,NA,1594,NA,NA
1687,Aransas County,TX,NA,NA,NA,NA,NA,1332,NA,NA
1690,Fairfax City,VA,1916,1935,2031,2250,2379,2538,7,32
1692,Hood River County,OR,NA,NA,NA,NA,NA,2532,NA,NA
1694,Blaine County,ID,NA,NA,NA,NA,NA,3117,NA,NA
1717,Teton County,WY,NA,NA,NA,NA,NA,5388,NA,NA
1734,Hopewell City,VA,NA,NA,NA,NA,1075,1214,13,NA
1767,Waynesboro City,VA,NA,NA,NA,NA,NA,1362,NA,NA
1784,Logan County,CO,NA,NA,NA,NA,NA,1168,NA,NA
1788,Stutsman County,ND,NA,NA,NA,NA,1082,1126,4,NA
1812,Llano County,TX,NA,NA,NA,NA,NA,1556,NA,NA
1880,Davison County,SD,NA,NA,NA,NA,NA,988,NA,NA
1893,Morgan County,GA,NA,NA,NA,NA,NA,1695,NA,NA
1911,Chaffee County,CO,NA,NA,NA,NA,NA,2175,NA,NA
1912,Polk County,NC,NA,NA,NA,NA,NA,2000,NA,NA
1922,Roosevelt County,NM,NA,NA,NA,NA,806,844,5,NA
1957,Greene County,GA,NA,NA,NA,NA,NA,2412,NA,NA
1964,Westmoreland County,VA,NA,NA,NA,NA,NA,1574,NA,NA
1967,Montour County,PA,NA,NA,NA,NA,NA,1275,NA,NA
2008,Pitkin County,CO,NA,NA,10621,14895,16521,19556,18,NA
2011,Park County,CO,NA,NA,NA,NA,NA,2394,NA,NA
2030,Park County,MT,NA,NA,NA,NA,NA,2033,NA,NA
2036,Scurry County,TX,NA,NA,NA,NA,NA,1200,NA,NA
2038,Bristol City,VA,NA,NA,NA,NA,NA,1323,NA,NA
2064,Richland County,ND,NA,NA,NA,NA,NA,800,NA,NA
2074,Long County,GA,NA,NA,NA,NA,NA,1797,NA,NA
2076,Alamosa County,CO,NA,NA,NA,NA,NA,1192,NA,NA
2088,Radford City,VA,NA,NA,NA,NA,NA,1052,NA,NA
2123,Grand County,CO,NA,NA,NA,NA,NA,2588,NA,NA
2147,Williamsburg City,VA,NA,NA,NA,NA,NA,1950,NA,NA
2166,Clay County,SD,NA,NA,NA,NA,NA,1038,NA,NA
2168,Manassas Park City,VA,NA,NA,1641,1844,1893,2141,13,NA
2169,Nelson County,VA,NA,NA,NA,NA,NA,1550,NA,NA
2177,Carbon County,WY,NA,NA,NA,NA,NA,936,NA,NA
2188,Las Animas County,CO,NA,NA,NA,NA,NA,1224,NA,NA
2198,Falls Church City,VA,2135,2057,2094,2319,2462,2587,5,21
2245,McKenzie County,ND,NA,NA,NA,NA,NA,1553,NA,NA
2268,Mono County,CA,NA,NA,NA,NA,NA,4291,NA,NA
2270,Archuleta County,CO,NA,NA,NA,NA,NA,2027,NA,NA
2281,Shoshone County,ID,NA,NA,NA,NA,NA,1650,NA,NA
2385,Teton County,ID,NA,NA,NA,NA,NA,2800,NA,NA
2387,Valley County,ID,NA,NA,NA,NA,NA,2425,NA,NA
2430,Lake County,MN,NA,NA,NA,NA,NA,898,NA,NA
2537,Clear Creek County,CO,NA,NA,NA,NA,NA,2465,NA,NA
2829,Gilpin County,CO,NA,NA,NA,NA,NA,2500,NA,NA
